SPGTable,,,,,,,,,,,,,,,,,,,,,,,,,,,,,,,,,,,,,,,,,,,,,,,,,,,,,,,,,,,,,,,,,,,,,,,,,,,,,,,,,,,,,,,,,,,,,,,,,,,,,,,,,,,,,,,,,,,,,,,,,,,,,,,,,,,,,,,,,,,,,,,,,,,,,,,,,,,,,
,,105135,4056935,4341449,20065917,4019044,102864,4087349,4007308,4413987,4150236,4056972,4066994,4069317,4004438,4041154,29164958,4057111,4064347,6588911,6592953,4587510,4206401,4057141,4074390,4137131,4150067,103262,4041896,4057114,4101861,4059402,105573768,102701,4004201,4004350,4054848,4047867,5067632,4096334,4200085,29181597,4001616,4068060,4121470,4056998,4062444,4057103,4057079,4979833,113645,4040823,4057056,4383065,101479324,4064354,4049746,4171731,113873,4992262,4275565,108009705,4581397,4090258,4095387,4345132,4265772,105223,4095086,4057194,4057125,4887375,4099990,103464,4057004,4219466,4547508,4120239,29724772,4237798,4398514,4004318,4004104,4160255,4107947,4385530,4001582,4095638,4674780,4081927,4016692,4280272,4167462,102983,102896,4019364,4066321,4065678,4021829,4073968,4069910,4312710,4041363,4014547,4057208,4004218,4001587,4987464,4243759,6331267,4057139,4057023,4136576,4057217,4020418,4347089,4980858,4001600,4070675,4121677,4009083,4121199,4041957,4884928,4064204,4056971,4073447,3010781,4057167,103247,100144,4004086,102775,4017451,4039450,4004136,4107956,4071273,4146010,4228223,103324,7381986,4057229,4057233,4057234,4057235,4057236,4381427,4057242,4242781,4057032,4120680,100382,10595608,4006248,4057247,4279540
,,FQ22021,FQ22021,FQ22021,FQ22021,FQ22021,FQ22021,FQ22021,FQ22021,FQ22021,FQ22021,FQ22021,FQ22021,FQ22021,FQ22021,FQ22021,FQ22021,FQ22021,FQ22021,FQ22021,FQ22021,FQ22021,FQ22021,FQ22021,FQ22021,FQ22021,FQ22021,FQ22021,FQ22021,FQ22021,FQ22021,FQ22021,FQ22021,FQ22021,FQ22021,FQ22021,FQ22021,FQ22021,FQ22021,FQ22021,FQ22021,FQ22021,FQ22021,FQ22021,FQ22021,FQ22021,FQ22021,FQ22021,FQ22021,FQ22021,FQ22021,FQ22021,FQ22021,FQ22021,FQ22021,FQ22021,FQ22021,FQ22021,FQ22021,FQ22021,FQ22021,FQ22021,FQ22021,FQ22021,FQ22021,FQ22021,FQ22021,FQ22021,FQ22021,FQ22021,FQ22021,FQ22021,FQ22021,FQ22021,FQ22021,FQ22021,FQ22021,FQ22021,FQ22021,FQ22021,FQ22021,FQ22021,FQ22021,FQ22021,FQ22021,FQ22021,FQ22021,FQ22021,FQ22021,FQ22021,FQ22021,FQ22021,FQ22021,FQ22021,FQ22021,FQ22021,FQ22021,FQ22021,FQ22021,FQ22021,FQ22021,FQ22021,FQ22021,FQ22021,FQ22021,FQ22021,FQ22021,FQ22021,FQ22021,FQ22021,FQ22021,FQ22021,FQ22021,FQ22021,FQ22021,FQ22021,FQ22021,FQ22021,FQ22021,FQ22021,FQ22021,FQ22021,FQ22021,FQ22021,FQ22021,FQ22021,FQ22021,FQ22021,FQ22021,FQ22021,FQ22021,FQ22021,FQ22021,FQ22021,FQ22021,FQ22021,FQ22021,FQ22021,FQ22021,FQ22021,FQ22021,FQ22021,FQ22021,FQ22021,FQ22021,FQ22021,FQ22021,FQ22021,FQ22021,FQ22021,FQ22021,FQ22021,FQ22021,FQ22021,FQ22021,FQ22021,FQ22021
,,Current/Restated,Current/Restated,Current/Restated,Current/Restated,Current/Restated,Current/Restated,Current/Restated,Current/Restated,,,,,,,,,,,,,,,,,,,,,,,,,,,,,,,,,,,,,,,,,,,,,,,,,,,,,,,,,,,,,,,,,,,,,,,,,,,,,,,,,,,,,,,,,,,,,,,,,,,,,,,,,,,,,,,,,,,,,,,,,,,,,,,,,,,,,,,,,,,,,,,,,,,,
Period Ended,275657,6/30/2021,6/30/2021,6/30/2021,,,6/30/2021,6/30/2021,6/30/2021,6/30/2021,,6/30/2021,7/3/2021,8/1/2020,,,,,6/30/2021,6/30/2021,,,6/30/2021,6/30/2021,6/30/2021,,6/30/2021,6/30/2021,6/30/2021,,11/29/2020,6/30/2021,6/30/2021,6/30/2021,6/30/2021,6/30/2021,,,,6/30/2021,,,6/30/2021,6/30/2021,6/30/2021,6/30/2021,6/30/2021,6/30/2021,6/30/2021,,6/30/2021,6/30/2021,6/30/2021,,,6/30/2021,,,6/30/2021,7/2/2021,7/3/2021,6/30/2021,,6/30/2021,6/27/2021,6/30/2021,6/30/2021,4/30/2021,,,,,6/30/2021,5/31/2021,6/30/2021,6/30/2021,6/30/2021,8/1/2020,6/30/2021,,6/30/2021,7/31/2020,8/1/2020,6/30/2021,,6/30/2021,,6/30/2021,,6/30/2021,4/3/2021,7/3/2021,6/30/2021,6/30/2021,6/30/2021,6/30/2021,6/30/2021,,6/30/2021,,6/30/2021,,11/30/2020,6/30/2021,,6/30/2021,6/30/2021,6/27/2021,,6/30/2021,6/30/2021,6/30/2021,,6/30/2021,,6/30/2021,6/30/2021,6/30/2021,7/31/2020,6/27/2021,6/30/2021,6/30/2021,6/30/2021,6/30/2021,12/26/2020,6/30/2021,,6/30/2021,,6/30/2021,6/30/2021,6/30/2021,6/30/2021,6/30/2021,6/30/2021,8/15/2020,4/30/2021,,,6/30/2021,6/30/2021,,6/30/2021,,,,,,,9/30/2020,6/30/2021,,6/30/2021,,6/30/2021,,6/30/2021
Financial Filing Date,309159,7/27/2022,7/27/2022,7/27/2022,,,8/1/2022,7/28/2022,8/8/2022,8/5/2022,,7/27/2022,8/4/2022,12/3/2021,,,,,8/5/2022,8/5/2022,,,8/3/2022,8/2/2022,8/2/2022,,7/27/2022,7/27/2022,11/4/2022,,1/6/2022,8/12/2021,8/4/2022,9/16/2022,7/29/2022,7/21/2022,,,,7/27/2022,,,8/8/2022,7/21/2022,8/4/2022,8/4/2022,8/4/2022,7/30/2022,8/4/2022,,8/2/2022,7/21/2022,8/3/2022,,,7/22/2022,,,7/28/2022,7/28/2022,8/11/2022,9/13/2022,,8/1/2022,7/26/2022,8/18/2022,8/3/2022,6/3/2022,,,,,7/28/2022,10/7/2022,8/23/2021,7/28/2022,7/28/2022,9/2/2021,9/28/2021,,8/2/2022,8/26/2021,9/3/2021,8/5/2022,,8/4/2022,,8/4/2022,,8/8/2022,4/29/2022,8/4/2022,7/26/2022,8/8/2022,7/27/2022,7/29/2022,7/29/2022,,7/27/2022,,7/28/2022,,12/10/2021,7/27/2022,,7/28/2022,8/8/2022,8/4/2022,,7/26/2022,8/30/2022,7/27/2022,,8/4/2022,,8/5/2022,7/29/2022,7/26/2022,9/3/2021,8/3/2022,7/28/2022,8/2/2022,8/9/2022,8/9/2022,2/9/2022,8/4/2022,,8/10/2022,,8/3/2022,8/5/2022,7/27/2022,8/8/2022,8/4/2022,8/4/2022,9/17/2021,6/2/2022,,,7/26/2022,8/3/2022,,7/28/2022,,,,,,,11/9/2021,8/8/2022,,10/31/2022,,7/29/2022,,9/20/2022
Spot Exchange Rate,275660,1.000000,1.000000,1.000000,NA,NA,1.000000,1.000000,1.000000,1.000000,NA,1.000000,1.000000,1.000000,NA,NA,NA,NA,1.000000,1.000000,NA,NA,1.000000,1.000000,1.000000,NA,1.000000,1.000000,1.000000,NA,1.000000,1.000000,1.000000,1.000000,1.000000,1.000000,NA,NA,NA,1.000000,NA,NA,1.000000,1.000000,1.000000,1.000000,1.000000,1.000000,1.000000,NA,1.000000,1.000000,1.000000,NA,NA,1.000000,NA,NA,1.000000,1.000000,1.000000,1.000000,NA,1.000000,1.000000,1.000000,1.000000,1.000000,NA,NA,NA,NA,1.000000,1.000000,1.000000,1.000000,1.000000,1.000000,1.000000,NA,1.000000,1.000000,1.000000,1.000000,NA,1.000000,NA,1.000000,NA,1.000000,1.000000,1.000000,1.000000,1.000000,1.000000,1.000000,1.000000,NA,1.000000,NA,1.000000,NA,1.000000,1.000000,NA,1.000000,1.000000,1.000000,NA,1.000000,1.000000,1.000000,NA,1.000000,NA,1.000000,1.000000,1.000000,1.000000,1.000000,1.000000,1.000000,1.000000,1.000000,1.000000,1.000000,NA,1.000000,NA,1.000000,1.000000,1.000000,1.000000,1.000000,1.000000,1.000000,1.000000,NA,NA,1.000000,1.000000,NA,1.000000,NA,NA,NA,NA,NA,NA,1.000000,1.000000,NA,1.000000,NA,1.000000,NA,1.381120
Average Exchange Rate,275661,1.000000,1.000000,1.000000,NA,NA,1.000000,1.000000,1.000000,1.000000,NA,1.000000,1.000000,1.000000,NA,NA,NA,NA,1.000000,1.000000,NA,NA,1.000000,1.000000,1.000000,NA,1.000000,1.000000,1.000000,NA,1.000000,1.000000,1.000000,1.000000,1.000000,1.000000,NA,NA,NA,1.000000,NA,NA,1.000000,1.000000,1.000000,1.000000,1.000000,1.000000,1.000000,NA,1.000000,1.000000,1.000000,NA,NA,1.000000,NA,NA,1.000000,1.000000,1.000000,1.000000,NA,1.000000,1.000000,1.000000,1.000000,1.000000,NA,NA,NA,NA,1.000000,1.000000,1.000000,1.000000,1.000000,1.000000,1.000000,NA,1.000000,1.000000,1.000000,1.000000,NA,1.000000,NA,1.000000,NA,1.000000,1.000000,1.000000,1.000000,1.000000,1.000000,1.000000,1.000000,NA,1.000000,NA,1.000000,NA,1.000000,1.000000,NA,1.000000,1.000000,1.000000,NA,1.000000,1.000000,1.000000,NA,1.000000,NA,1.000000,1.000000,1.000000,1.000000,1.000000,1.000000,1.000000,1.000000,1.000000,1.000000,1.000000,NA,1.000000,NA,1.000000,1.000000,1.000000,1.000000,1.000000,1.000000,1.000000,1.000000,NA,NA,1.000000,1.000000,NA,1.000000,NA,NA,NA,NA,NA,NA,1.000000,1.000000,NA,1.000000,NA,1.000000,NA,1.398362
 ,,,,,,,,,,,,,,,,,,,,,,,,,,,,,,,,,,,,,,,,,,,,,,,,,,,,,,,,,,,,,,,,,,,,,,,,,,,,,,,,,,,,,,,,,,,,,,,,,,,,,,,,,,,,,,,,,,,,,,,,,,,,,,,,,,,,,,,,,,,,,,,,,,,,,,,,,,,,,
Balance Sheet ($000),,,,,,,,,,,,,,,,,,,,,,,,,,,,,,,,,,,,,,,,,,,,,,,,,,,,,,,,,,,,,,,,,,,,,,,,,,,,,,,,,,,,,,,,,,,,,,,,,,,,,,,,,,,,,,,,,,,,,,,,,,,,,,,,,,,,,,,,,,,,,,,,,,,,,,,,,,,,,
Cash & Short-term Investments,268525,"5,503,000",100,NA,NA,NA,"13,680,000","1,877,000","99,000","40,585",NA,"3,900","244,070","2,611,000",NA,NA,NA,NA,"557,307","7,123,000",NA,NA,"52,185","12,000","1,101,000",NA,"342,200","1,003,000","793,879,000",NA,"68,000","11,429",NA,NA,"2,320,000","2,990,000",NA,NA,NA,"15,446,000",NA,NA,"240,000","601,359","419,000","22,000","12,000","5,261","12,000",NA,"509,836","458,100","1,578,000",NA,NA,"55,574",NA,NA,"25,043,000","1,565,800","252,251",NA,NA,"1,799,549","1,145,100","19,796","1,063,261","3,438,000",NA,NA,NA,NA,"3,000","42,920,325","200,000","325,800","169,000","2,428,000","29,000",NA,"111,704","12,726,000","1,395,000","58,796",NA,"237,271",NA,"3,053,400",NA,"31,000","90,110","1,921,000","1,972,002","32,544","1,699,000","449,000","637,000",NA,"1,670,000",NA,"3,941,000",NA,"38,610,000","888,000",NA,"233,000","44,000","58,402",NA,"288,800","4,900","2,600",NA,"7,000",NA,"1,081,874","4,250,444","8,051,000","197,000","292,957","51,000","16,875,000","37,718","47,565","5,769,712","119,222",NA,"24,000",NA,"6,172,000","194,365,000","21,306,000","71,346,000","4,800","891,986,000","2,820,000","497,635",NA,NA,"595,000","1,719,700",NA,"4,841,000",NA,NA,NA,NA,NA,NA,"350,433","49,000",NA,"476,165,000",NA,"1,777,000",NA,"32,456"
"Net Property, Plant & Equipment",268541,"10,230,000","10,152,700","11,376,500",NA,NA,"11,975,000","1,933,000","28,020,000","8,944,551",NA,"11,600,500","727,411","4,927,000",NA,NA,NA,NA,"17,308,976",NA,NA,NA,"46,450","5,518,000","22,096,000",NA,"1,057,600","213,000","2,800,000",NA,"2,478,000","763,913",NA,NA,"15,455,000","32,948,000",NA,NA,NA,"986,000",NA,NA,"59,226,000","895,551","110,136,000","17,510,000","11,752,000","1,954,394","8,303,000",NA,"5,049,088","1,215,600","82,120,000",NA,NA,"3,472,239",NA,NA,"37,829,000","580,100","297,117",NA,NA,"1,642,283","466,200","6,073,764","6,966,023","3,612,000",NA,NA,NA,NA,"9,630,000","903,010","5,605,000","9,210,800","3,068,000","9,388,000","4,757,000",NA,"13,270","22,410,000","9,314,000","4,000",NA,"1,281,788",NA,"38,327,500",NA,"19,474,000","693,960","1,458,000","217,502","2,618,756","113,000","1,115,000","1,649,000",NA,"31,355,000",NA,"8,739,000",NA,"6,627,000","3,936,000",NA,"69,818,000","22,675,000","437,598",NA,"1,024,300","2,497,300","4,552,600",NA,"8,200,000",NA,"53,375","26,432,415","16,565,000","354,000","1,815,721","50,023,000","17,211,000","6,337,701","7,048,905","5,018,401","2,177,987",NA,"10,463,000",NA,"1,026,000","3,442,000","11,341,000","3,136,000","1,595,100","23,140,000","28,703,000","527,322",NA,NA,"124,000","499,800",NA,"122,382,000",NA,NA,NA,NA,NA,NA,"3,188,410","33,495,000",NA,"19,571,000",NA,"13,972,000",NA,NA
Total Assets,268552,"48,307,000","11,483,800","11,790,300",NA,NA,"180,470,000","44,388,000","33,916,000","9,968,726",NA,"13,646,700","16,842,773","10,880,000",NA,NA,NA,NA,"21,792,618","253,856,000",NA,NA,"1,020,884","10,379,000","36,466,000",NA,"2,970,600","29,677,000","2,327,868,000",NA,"22,276,700","1,104,074",NA,NA,"29,806,000","40,015,000",NA,NA,NA,"110,985,000",NA,NA,"97,963,000","9,630,000","165,385,000","21,629,000","14,155,000","2,172,590","10,322,000",NA,"6,142,212","9,340,300","129,396,000",NA,NA,"3,873,180",NA,NA,"248,532,000","14,495,500","1,337,438",NA,NA,"45,149,673","10,102,200","6,725,404","9,309,069","34,549,000",NA,NA,NA,NA,"11,189,000","57,978,969","8,335,000","10,393,700","50,344,000","15,235,000","11,066,000",NA,"2,058,837","51,763,000","17,614,000","3,090,155",NA,"5,901,628",NA,"51,893,100",NA,"23,331,000","3,405,840","11,131,000","4,791,076","3,077,445","83,348,000","12,063,000","14,620,000",NA,"38,754,000",NA,"42,142,000",NA,"110,014,000","9,977,000",NA,"100,245,000","26,083,000","2,224,707",NA,"4,525,200","3,035,700","5,958,400",NA,"18,408,000",NA,"37,250,397","33,691,962","158,838,000","5,947,000","2,664,233","71,038,000","38,206,000","7,528,683","9,039,022","22,489,851","4,386,187",NA,"11,459,000",NA,"132,643,000","466,963,000","148,935,000","574,532,000","2,025,500","1,387,922,000","47,543,000","2,996,109",NA,NA,"2,978,000","70,807,900",NA,"349,190,000",NA,NA,NA,NA,NA,NA,"5,203,396","45,156,000",NA,"1,945,996,000",NA,"17,830,000",NA,"300,946"
Net Debt,268593,"13,616,000","5,307,800","4,216,200",NA,NA,"3,756,000","26,364,000","12,832,000","3,406,729",NA,"5,020,500","1,997,309","7,440,000",NA,NA,NA,NA,"12,448,733","4,138,000",NA,NA,"500,120","4,334,000","15,059,000",NA,"1,661,600","-96,000","-212,120,000",NA,"9,471,800","178,015",NA,NA,"5,770,000","13,811,000",NA,NA,NA,"3,904,000",NA,NA,"39,535,000","2,481,887","66,613,000","8,515,000","4,132,000","763,963","3,493,000",NA,"2,794,706","3,423,500","39,387,000",NA,NA,"1,569,559",NA,NA,"123,183,000","1,200,500","189,438",NA,NA,"9,006,053","3,625,200","3,275,086","3,494,001","3,885,000",NA,NA,NA,NA,"6,595,000","-16,333,529","1,990,000","3,502,000","14,243,000","5,301,000","1,503,000",NA,"477,007","13,500,000","7,264,000","1,360,646",NA,"1,574,655",NA,"46,208,600",NA,"7,616,000","970,329","4,243,000","2,158,282","1,405,833","78,422,000","6,085,000","5,488,000",NA,"12,581,000",NA,"9,797,000",NA,"32,309,000","2,424,000",NA,"39,209,000","8,471,000","1,171,207",NA,"1,182,500","916,100","1,810,500",NA,"4,526,000",NA,"28,118,388","17,518,671","24,994,000","2,936,000","2,710,068","23,956,000","-3,572,000","2,692,114","3,068,675","8,739,610","631,717",NA,"3,832,000",NA,"7,340,000","-128,826,000","42,253,000","-38,690,000","669,200","-322,849,000","17,806,000","270,756",NA,NA,"-42,000","3,318,300",NA,"175,170,000",NA,NA,NA,NA,NA,NA,"1,857,949","15,109,000",NA,"-231,618,000",NA,"3,496,000",NA,"239,486"
Total Debt,274444,"19,119,000","5,307,900","4,216,200",NA,NA,"17,436,000","28,241,000","12,931,000","3,447,314",NA,"5,024,400","2,241,379","10,051,000",NA,NA,NA,NA,"13,006,040","9,020,000",NA,NA,"552,305","4,346,000","16,160,000",NA,"2,003,800","907,000","581,759,000",NA,"9,539,800","189,444",NA,NA,"8,090,000","16,801,000",NA,NA,NA,"19,350,000",NA,NA,"39,775,000","3,083,246","67,032,000","8,537,000","4,144,000","769,224","3,505,000",NA,"3,304,542","3,881,600","40,965,000",NA,NA,"1,625,133",NA,NA,"148,226,000","2,766,300","441,689",NA,NA,"10,805,602","4,770,300","3,294,882","4,557,262","7,323,000",NA,NA,NA,NA,"6,598,000","26,586,796","2,190,000","3,827,800","14,412,000","7,729,000","1,532,000",NA,"588,711","26,226,000","8,659,000","1,419,442",NA,"1,811,926",NA,"49,262,000",NA,"7,647,000","1,060,439","6,164,000","4,130,284","1,438,377","80,121,000","6,534,000","6,125,000",NA,"14,251,000",NA,"14,159,000",NA,"70,919,000","3,312,000",NA,"39,442,000","8,515,000","1,229,609",NA,"1,471,300","921,000","1,813,100",NA,"4,533,000",NA,"29,200,262","21,769,115","33,045,000","3,157,000","3,003,025","24,007,000","13,303,000","2,729,832","3,116,240","14,509,322","750,939",NA,"3,856,000",NA,"7,996,000","65,539,000","63,559,000","32,656,000","674,000","569,137,000","20,626,000","768,391",NA,NA,"553,000","3,441,400",NA,"180,011,000",NA,NA,NA,NA,NA,NA,"2,208,382","15,158,000",NA,"244,547,000",NA,"5,273,000",NA,"271,943"
Total Common Equity,268583,"14,448,000","3,332,500","5,197,200",NA,NA,"15,206,000","3,257,000","9,353,000","5,801,941",NA,"4,514,800","5,164,922","-1,908,000",NA,NA,NA,NA,"4,089,714","16,115,000",NA,NA,"357,442","2,776,000","7,131,000",NA,"317,400","11,858,000","184,164,000",NA,"8,392,000","412,385",NA,NA,"11,960,000","13,426,000",NA,NA,NA,"12,115,000",NA,NA,"24,163,000","3,719,304","46,170,000","7,891,000","4,999,000","799,066","4,065,000",NA,"2,653,147","3,460,500","32,140,000",NA,NA,"2,006,451",NA,NA,"34,664,000","9,205,000","407,857",NA,NA,"26,693,763","2,850,500","3,159,888","3,671,571","-3,360,000",NA,NA,NA,NA,"2,383,000","10,072,634","3,789,000","3,783,700","24,242,000","4,837,000","4,822,000",NA,"1,286,406","4,356,000","2,324,000","1,604,841",NA,"2,158,362",NA,"-5,808,000",NA,"9,273,000","1,338,457","-358,000","-367,807","1,546,715","2,701,000","1,154,000","3,986,000",NA,"14,317,000",NA,"11,172,000",NA,"7,917,000","4,117,000",NA,"25,835,000","9,565,000","643,271",NA,"1,120,600","1,211,100","2,203,900",NA,"10,519,000",NA,"5,259,059","7,884,015","71,115,000","1,437,000","-841,551","17,942,000","9,688,000","2,429,736","2,846,881","1,426,799","1,108,740",NA,"4,538,000",NA,"26,037,000","40,740,000","-16,682,000","47,496,000","638,500","92,687,000","9,820,000","1,229,417",NA,NA,"744,000","10,947,500",NA,"73,684,000",NA,NA,NA,NA,NA,NA,"2,280,046","15,064,000",NA,"171,317,000",NA,"10,400,000",NA,"29,004"
Total Minority Interest,268584,"68,000",NA,NA,NA,NA,NA,"43,000","129,000",NA,NA,NA,"59,539.00","4,000.00",NA,NA,NA,NA,"3,733,821.00","65,000.00",NA,NA,NA,NA,NA,NA,NA,NA,"751,000.00",NA,"77,500.00",340.00,NA,NA,"182,000.00","8,000.00",NA,NA,NA,NA,NA,NA,"334,000.00",NA,"1,413,000.00",NA,NA,NA,NA,NA,NA,"38,100.00","2,360,000.00",NA,NA,"4,949.00",NA,NA,"120,000.00","4,700.00","1,470.00",NA,NA,"156,377.00","64,400.00",NA,"27,113.00",NA,NA,NA,NA,NA,NA,"57,241.00",NA,"327,300.00","1,000.00",NA,"53,000.00",NA,NA,NA,NA,NA,NA,"3,007.00",NA,NA,NA,NA,NA,"14,000.00",NA,"10,345.00","11,000.00","4,000.00","25,000.00",NA,NA,NA,NA,NA,"699,000.00","39,000.00",NA,NA,NA,NA,NA,"1,700.00",NA,NA,NA,NA,NA,"94,100.00",NA,"1,636,000.00","13,000.00",-9.00,NA,NA,NA,"200,529.00","35,958.00",NA,NA,NA,NA,"-15,000.00","513,000.00","197,000.00",NA,NA,"1,631,000.00","-27,000.00",NA,NA,NA,NA,NA,NA,"1,428,000.00",NA,NA,NA,NA,NA,NA,"27,645.00",NA,NA,"1,865,000.00",NA,NA,NA,NA
Total Equity,268585,"14,516,000","3,332,500","5,197,200",NA,NA,"17,530,000","3,300,000","9,482,000","6,173,505.00",NA,"4,514,800.00","5,224,461.00","-1,904,000.00",NA,NA,NA,NA,"7,823,535.00","16,180,000.00",NA,NA,"357,442.00","2,776,000.00","8,870,000.00",NA,"317,400.00","11,858,000.00","202,910,000.00",NA,"8,469,500.00","412,725.00",NA,NA,"12,142,000.00","13,434,000.00",NA,NA,NA,"13,171,000.00",NA,NA,"26,884,000.00","3,719,304.00","49,545,000.00","7,891,000.00","4,999,000.00","799,066.00","4,065,000.00",NA,"2,659,328.00","3,498,600.00","34,500,000.00",NA,NA,"2,011,400.00",NA,NA,"34,784,000.00","9,209,700.00","409,327.00",NA,NA,"26,850,140.00","2,914,900.00","3,159,888.00","3,698,684.00","-3,360,000.00",NA,NA,NA,NA,"2,383,000.00","10,254,875.00","3,789,000.00","4,116,400.00","24,243,000.00","4,837,000.00","4,875,000.00",NA,"1,286,406.00","4,356,000.00","2,324,000.00","1,604,841.00",NA,"2,161,369.00",NA,"-5,808,000.00",NA,"9,273,000.00","1,338,457.00","-344,000.00","-367,807.00","1,557,060.00","2,712,000.00","1,431,000.00","4,011,000.00",NA,"14,317,000.00",NA,"11,172,000.00",NA,"8,616,000.00","4,156,000.00",NA,"26,093,000.00","9,567,000.00","643,271.00",NA,"1,122,300.00","1,211,100.00","2,203,900.00",NA,"10,519,000.00",NA,"6,166,151.00","7,884,015.00","72,751,000.00","1,450,000.00","-841,560.00","19,887,000.00","9,688,000.00","2,429,736.00","3,047,410.00","1,462,757.00","1,108,740.00",NA,"4,538,000.00",NA,"28,192,000.00","45,794,000.00","-16,485,000.00","57,450,000.00","638,500.00","103,521,000.00","9,793,000.00","1,229,417.00",NA,NA,"744,000.00","10,947,500.00",NA,"75,112,000.00",NA,NA,NA,NA,NA,NA,"2,307,691.00","15,064,000.00",NA,"193,127,000.00",NA,"10,400,000.00",NA,"29,003.52"
Current Ratio (x),274464,1.73,0.51,0.24,NA,NA,NA,0.72,0.97,1.32,NA,0.72,1.44,1.31,NA,NA,NA,NA,3.45,1.71,NA,NA,1.69,2.56,1.54,NA,1.44,1.21,NA,NA,0.84,1.70,NA,NA,1.65,2.34,NA,NA,NA,1.17,NA,NA,0.59,1.61,0.55,0.66,0.89,0.49,0.34,NA,7.05,0.71,0.89,NA,NA,2.26,NA,NA,1.21,1.20,1.82,NA,NA,1.12,1.77,1.72,2.07,0.72,NA,NA,NA,NA,0.44,1.73,1.45,0.65,0.38,2.22,0.83,NA,17.44,1.30,1.16,2.00,NA,1.47,NA,1.45,NA,0.91,2.05,1.46,2.69,2.31,19.00,1.05,1.23,NA,1.08,NA,1.49,NA,2.17,1.91,NA,0.66,0.72,2.32,NA,1.17,0.68,0.52,NA,0.15,NA,0.93,1.07,1.18,1.03,1.18,0.66,1.54,0.61,0.79,1.79,2.32,NA,0.52,NA,0.73,NA,1.35,0.37,0.67,1.66,0.84,1.58,NA,NA,1.36,25.81,NA,0.89,NA,NA,NA,NA,NA,NA,1.67,0.73,NA,NA,NA,2.85,NA,2.97
Quick Ratio (x),274465,1.11,0.31,0.11,NA,NA,NA,0.35,0.43,0.34,NA,0.26,1.00,0.84,NA,NA,NA,NA,3.06,1.53,NA,NA,1.59,0.30,0.62,NA,1.17,0.96,NA,NA,0.30,1.10,NA,NA,0.95,2.14,NA,NA,NA,1.16,NA,NA,0.19,1.02,0.22,0.26,0.19,0.13,0.17,NA,6.69,0.61,0.47,NA,NA,1.02,NA,NA,1.01,0.93,0.84,NA,NA,0.61,1.11,0.90,1.76,0.40,NA,NA,NA,NA,0.29,1.73,1.24,0.50,0.19,1.03,0.46,NA,1.64,0.60,0.33,2.00,NA,1.35,NA,1.24,NA,0.58,1.22,1.21,2.59,1.94,18.42,0.58,0.62,NA,0.93,NA,1.31,NA,2.02,1.29,NA,0.48,0.38,0.98,NA,0.28,0.25,0.15,NA,0.11,NA,0.23,0.98,0.79,0.90,0.99,0.30,1.46,0.22,0.49,1.29,1.40,NA,0.30,NA,0.17,NA,0.38,0.37,0.35,1.56,0.30,0.90,NA,NA,0.62,5.62,NA,0.67,NA,NA,NA,NA,NA,NA,0.96,0.36,NA,NA,NA,2.11,NA,2.97
Total Debt/Equity (%),274466,131.71,159.28,81.12,NA,NA,NA,855.79,136.37,56,NA,111,43,NM,NA,NA,NA,NA,166,56,NA,NA,155,157,182,NA,631,8,NA,NA,113,46,NA,NA,67,125,NA,NA,NA,147,NA,NA,148,83,135,108,83,96,86,NA,124,111,119,NA,NA,81,NA,NA,426,30,108,NA,NA,40,164,104,123,NM,NA,NA,NA,NA,277,259,58,93,59,160,31,NA,46,602,373,88,NA,84,NA,NM,NA,82,79,NM,NM,92,"2,954",457,153,NA,100,NA,127,NA,823,80,NA,151,89,191,NA,131,76,82,NA,43,NA,474,276,45,218,NM,121,137,112,102,992,68,NA,85,NA,28,NA,NM,57,106,550,211,63,NA,NA,74,31,NA,240,NA,NA,NA,NA,NA,NA,96,101,NA,NA,NA,51,NA,938
Total Debt / Total Capital (%),274467,56.84,61.43,44.79,NA,NA,NA,89.54,57.69,36,NA,53,30,123,NA,NA,NA,NA,62,36,NA,NA,61,61,65,NA,86,7,NA,NA,53,31,NA,NA,40,56,NA,NA,NA,60,NA,NA,60,45,58,52,45,49,46,NA,55,53,54,NA,NA,45,NA,NA,81,23,52,NA,NA,29,62,51,55,185,NA,NA,NA,NA,73,72,37,48,37,62,24,NA,31,86,79,47,NA,46,NA,113,NA,45,44,106,110,48,97,82,60,NA,50,NA,56,NA,89,44,NA,60,47,66,NA,57,43,45,NA,30,NA,83,73,31,69,139,55,58,53,51,91,40,NA,46,NA,22,NA,135,36,51,85,68,38,NA,NA,43,24,NA,71,NA,NA,NA,NA,NA,NA,49,50,NA,NA,NA,34,NA,90
 ,,,,,,,,,,,,,,,,,,,,,,,,,,,,,,,,,,,,,,,,,,,,,,,,,,,,,,,,,,,,,,,,,,,,,,,,,,,,,,,,,,,,,,,,,,,,,,,,,,,,,,,,,,,,,,,,,,,,,,,,,,,,,,,,,,,,,,,,,,,,,,,,,,,,,,,,,,,,,
Income Statement ($000),,,,,,,,,,,,,,,,,,,,,,,,,,,,,,,,,,,,,,,,,,,,,,,,,,,,,,,,,,,,,,,,,,,,,,,,,,,,,,,,,,,,,,,,,,,,,,,,,,,,,,,,,,,,,,,,,,,,,,,,,,,,,,,,,,,,,,,,,,,,,,,,,,,,,,,,,,,,,
Total Revenue,271468,"8,950,000","398,500","365,500",NA,NA,"2,272,000","5,614,000","1,410,000","313,654",NA,"677,000","8,562,631",NA,NA,NA,NA,NA,"709,015","1,675,000",NA,NA,"155,530","721,000","1,742,000",NA,"515,100","2,295,000","19,384,000",NA,"2,995,200","64,898","4,153,000","3,687,000","3,501,000","2,990,000",NA,NA,NA,"3,444,000",NA,NA,"3,038,000","2,031,676","5,758,000","1,325,000","735,000","111,994","456,000",NA,"124,239","1,234,800","4,020,000",NA,NA,"117,332",NA,NA,"26,752,000","1,319,700","410,939","4,346,000",NA,"2,137,437","1,322,200","189,021","212,457","15,877,000",NA,NA,NA,NA,"342,000","1,927,312","414,000","749,500","3,140,000","3,407,000","4,751,000",NA,"791,512","27,302,000","3,727,000","67,294",NA,"1,962,658",NA,"5,887,900",NA,"693,000","736,402","1,971,000","498,180","73,421","511,000","1,677,000","2,709,000",NA,"2,799,000",NA,"9,151,000",NA,"9,800,000","2,239,000",NA,"5,215,000","1,298,000","1,019,953",NA,"1,924,800","81,600","344,500",NA,"1,724,000",NA,"802,123","50,914","15,880,000","1,764,000","224,137","3,306,000","4,008,000","292,796","821,421","11,558,982","161,313",NA,"654,000",NA,"12,646,000","4,046,000","16,998,000","4,527,000","145,900","15,480,000","30,489,000","1,149,107",NA,NA,"1,100,000","2,993,000",NA,"33,764,000",NA,NA,NA,NA,NA,NA,"554,278","1,741,000",NA,"21,567,000",NA,"3,144,000",NA,NA
Gross Profit,271473,"4,231,000","270,200","337,800",NA,NA,"2,272,000","3,732,000","693,000","171,692.00",NA,"295,100.00","1,000,105.00",NA,NA,NA,NA,NA,"457,565.00","628,000.00",NA,NA,"107,877.00","263,000.00","776,000.00",NA,"180,000.00","914,000.00","19,384,000.00",NA,"888,900.00","20,347.00","732,000.00","471,000.00","1,315,000.00","1,689,000.00",NA,NA,NA,"3,299,000.00",NA,NA,"1,510,000.00","777,011.00","2,854,000.00","646,000.00","342,000.00","42,114.00","236,000.00",NA,"109,561.00","751,800.00","1,647,000.00",NA,NA,"85,584.00",NA,NA,"2,864,000.00","755,500.00","221,839.00","1,773,000.00",NA,"1,201,127.00","755,000.00","131,546.00","102,921.00","3,440,000.00",NA,NA,NA,NA,"312,000.00","1,365,095.00","217,000.00","394,200.00","1,777,000.00","1,258,000.00","584,000.00",NA,"215,525.00","9,304,000.00","1,009,000.00","67,294.00",NA,"287,426.00",NA,"3,219,500.00",NA,"349,000.00","199,909.00","955,000.00","410,853.00","71,246.00","511,000.00","463,000.00","884,000.00",NA,"1,486,000.00",NA,"2,043,000.00",NA,"7,861,000.00","619,000.00",NA,"1,600,000.00","602,000.00","204,477.00",NA,"511,100.00","24,900.00","116,700.00",NA,"1,284,000.00",NA,"802,123.00","-369,105.00","3,225,000.00","200,000.00","44,562.00","1,288,000.00","688,000.00","113,163.00","161,452.00","2,098,458.00","82,401.00",NA,"327,000.00",NA,"3,642,000.00","4,046,000.00","2,925,000.00","4,361,000.00","54,500.00","13,984,000.00","6,938,000.00","402,953.00",NA,NA,"236,000.00","872,900.00",NA,"19,509,000.00",NA,NA,NA,NA,NA,NA,"166,965.00","989,000.00",NA,"21,567,000.00",NA,"1,561,000.00",NA,NA
Earnings from Cont. Ops.,271505,"1,525,000","79,800","148,600",NA,NA,"899,000","2,150,000","208,000","51,814.0",NA,"66,300.0","241,202.0",NA,NA,NA,NA,NA,"143,010.0","31,000.0",NA,NA,"5,966.0","73,000.0","200,000.0",NA,"108,300.0","703,000.0","6,193,000.0",NA,"379,500.0","1,563.0","13,000.0","-238,000.0","454,000.0","1,173,000.0",NA,NA,NA,"1,698,000.0",NA,NA,"269,000.0","264,508.0","698,000.0","217,000.0","103,000.0","8,763.0","39,000.0",NA,"18,552.0","215,900.0","326,000.0",NA,NA,"53,161.0",NA,NA,"553,000.0","182,000.0",-765.0,"591,500.0",NA,"266,813.0","-21,900.0","38,739.0","3,617.0","1,228,000.0",NA,NA,NA,NA,"102,000.0","350,067.0","41,000.0","-378,000.0","448,000.0","47,000.0","-393,000.0",NA,"118,134.0","2,828,000.0","-431,000.0","95,110.0",NA,"75,765.0",NA,"2,219,300.0",NA,"211,000.0","48,688.0","294,000.0","165,423.0","39,231.0","185,000.0","-9,000.0","197,000.0",NA,"819,000.0",NA,"1,037,000.0",NA,"2,442,000.0","298,000.0",NA,"440,000.0","225,000.0","58,985.0",NA,"155,200.0","-1,200.0","46,100.0",NA,"509,000.0",NA,"145,726.0","-1,347,255.0","1,088,000.0","53,000.0","-58,870.0","385,000.0","348,000.0","11,413.0","26,474.0","67,289.0","30,330.0",NA,"121,000.0",NA,"1,435,000.0","1,027,000.0","567,000.0","1,265,000.0","8,600.0","5,486,000.0","820,000.0","142,171.0",NA,NA,"91,000.0","182,900.0",NA,"5,949,000.0",NA,NA,NA,NA,NA,NA,"3,391.0","414,000.0",NA,"6,744,000.0",NA,"1,028,000.0",NA,139.8
Net Income,271510,"1,524,000","79,800","148,600",NA,NA,"900,000","2,149,000","207,000","51,814.00",NA,"66,300.00","240,641.00",NA,NA,NA,NA,NA,"125,846.00","31,000.00",NA,NA,"5,966.00","73,000.00","251,000.00",NA,"108,300.00","703,000.00","6,193,000.00",NA,"378,900.00","1,563.00","-61,000.00","-303,000.00","449,000.00","1,173,000.00",NA,NA,NA,"1,698,000.00",NA,NA,"285,000.00","264,508.00","765,000.00","217,000.00","103,000.00","8,763.00","39,000.00",NA,"18,552.00","215,100.00","401,000.00",NA,NA,"53,140.00",NA,NA,"561,000.00","180,900.00","-1,192.00","584,500.00",NA,"263,590.00","-22,900.00","38,739.00","4,841.00","1,228,000.00",NA,NA,NA,NA,"102,000.00","350,970.00","41,000.00","-378,500.00","448,000.00","47,000.00","-393,000.00",NA,"118,134.00","2,828,000.00","-431,000.00","95,110.00",NA,"75,451.00",NA,"2,219,300.00",NA,"211,000.00","48,688.00","293,000.00","165,423.00","39,183.00","185,000.00","-9,000.00","197,000.00",NA,"819,000.00",NA,"1,037,000.00",NA,"2,442,000.00","298,000.00",NA,"440,000.00","225,000.00","58,985.00",NA,"158,400.00","-1,200.00","46,100.00",NA,"509,000.00",NA,"135,673.00","-1,347,255.00","1,032,000.00","51,000.00","-58,869.00","385,000.00","348,000.00","11,413.00","25,119.00","67,289.00","30,330.00",NA,"121,000.00",NA,"1,625,000.00","1,022,000.00","587,000.00","1,265,000.00","8,600.00","5,486,000.00","819,000.00","142,171.00",NA,NA,"91,000.00","182,900.00",NA,"5,800,000.00",NA,NA,NA,NA,NA,NA,"1,963.00","414,000.00",NA,"6,040,000.00",NA,"1,028,000.00",NA,139.84
EBIT,271530,"2,051,000","131,400","205,300",NA,NA,NA,"3,240,000","320,000","67,782.00",NA,"125,300.00","344,339.00",NA,NA,NA,NA,NA,"247,582.00","60,000.00",NA,NA,"15,655.00","90,000.00","298,000.00",NA,"146,600.00","885,000.00",NA,NA,"556,100.00","2,396.00","-316,000.00","-107,000.00","594,000.00","1,341,000.00",NA,NA,NA,NA,NA,NA,"786,000.00","354,879.00","1,298,000.00","349,000.00","173,000.00","16,637.00","78,000.00",NA,"57,441.00","306,000.00","623,000.00",NA,NA,"44,669.00",NA,NA,"502,000.00","211,300.00","21,359.00","708,000.00",NA,"440,858.00","178,400.00","45,640.00","17,394.00","1,453,000.00",NA,NA,NA,NA,"192,000.00",NA,"69,000.00","298,100.00","800,000.00","-11,000.00","-127,000.00",NA,"147,453.00","3,957,000.00","-435,000.00","56,795.00",NA,"98,499.00",NA,"2,564,000.00",NA,"109,000.00","69,226.00","416,000.00","273,546.00","46,808.00",NA,"152,000.00","315,000.00",NA,"1,192,000.00",NA,"1,411,000.00",NA,"3,680,000.00","413,000.00",NA,"839,000.00","286,000.00","95,266.00",NA,"210,700.00","1,000.00","56,200.00",NA,"757,000.00",NA,NA,"-982,913.00","1,756,000.00","115,000.00","-36,496.00","617,000.00","-161,000.00","32,689.00","55,761.00","235,652.00","57,590.00",NA,"164,000.00",NA,"1,988,000.00",NA,"1,568,000.00",NA,"14,100.00",NA,"882,000.00","180,716.00",NA,NA,"121,000.00","389,100.00",NA,"8,516,000.00",NA,NA,NA,NA,NA,NA,"12,683.00","583,000.00",NA,NA,NA,"1,432,000.00",NA,NA
EBIT / Interest Expense (x),274483,16.95,2.90,5.99,NA,NA,NA,10.98,3.33,2.46,NA,2.37,NA,NA,NA,NA,NA,NA,2.33,1.54,NA,NA,1.59,2.81,2.28,NA,6.66,68.08,NA,NA,5.14,0.95,NM,NM,7.62,7.41,NA,NA,NA,NA,NA,NA,1.52,13.31,2.27,4.36,3.53,2.59,2.79,NA,1.50,8.77,1.92,NA,NA,3.49,NA,NA,1.11,8.39,3.27,59.00,NA,5.58,3.87,1.97,0.55,22.70,NA,NA,NA,NA,3.05,NA,3.00,7.62,6.40,NM,NM,NA,NA,17.43,NM,3.94,NA,7.12,NA,8.65,NA,1.40,8.02,9.04,6.92,3.65,NA,2.49,4.85,NA,7.40,NA,10.38,NA,6.13,11.80,NA,2.45,2.72,6.53,NA,19.69,0.11,3.99,NA,9.71,NA,NA,NM,5.32,3.59,NM,3.12,NM,1.35,2.15,1.61,6.01,NA,4.21,NA,21.85,NA,2.33,NA,2.35,NA,6.53,25.37,NA,NA,24.20,8.59,NA,10.09,NA,NA,NA,NA,NA,NA,1.30,4.56,NA,NA,NA,18.36,NA,NA
Avg. Days Sales Out.,274485,49.9,47.8,30.7,NA,NA,NA,2.2,45.5,13,NA,35,92,NA,NA,NA,NA,NA,160,NM,NA,NA,58,51,53,NA,8,110,NA,NA,27,123,NA,NA,51,33,NA,NA,NA,NA,NA,NA,53,58,46,14,8,6,19,NA,74,52,79,NA,NA,77,NA,NA,15,57,40,NA,NA,36,75,69,32,29,NA,NA,NA,NA,35,NA,53,35,31,NA,NA,NA,7,NA,5,NA,NA,88,NA,28,NA,68,110,87,91,131,NA,65,55,NA,24,NA,72,NA,42,49,NA,95,48,21,NA,11,93,17,NA,17,NA,NA,475,114,54,17,54,5,59,60,23,55,NA,34,NA,65,NA,61,NA,36,NA,4,28,NA,NA,29,NA,NA,61,NA,NA,NA,NA,NA,NA,43,51,NA,NA,NA,NA,NA,NA
Accounts Receivable Turnover (x),274489,7.30,7.62,11.84,NA,NA,NA,163.91,8.00,27,NA,10,4,NA,NA,NA,NA,NA,2,1,NA,NA,6,7,7,NA,43,3,NA,NA,14,3,NA,NA,7,11,NA,NA,NA,NA,NA,NA,7,6,8,26,45,58,19,NA,5,7,5,NA,NA,5,NA,NA,24,6,9,NA,NA,10,5,5,11,12,NA,NA,NA,NA,11,NA,7,11,12,NA,NA,NA,49,NA,80,NA,NA,4,NA,13,NA,5,3,4,4,3,NA,6,7,NA,15,NA,5,NA,9,7,NA,4,8,17,NA,33,4,21,NA,21,NA,NA,1,3,7,21,7,80,6,6,16,7,NA,11,NA,6,NA,6,NA,10,NA,79,13,NA,NA,13,NA,NA,6,NA,NA,NA,NA,NA,NA,9,7,NA,NA,NA,NA,NA,NA
Fixed Asset Turnover (x),274488,3.52,0.16,0.13,NA,NA,NA,11.47,0.20,0,NA,0,46,NA,NA,NA,NA,NA,0,NA,NA,NA,14,0,0,NA,2,43,NA,NA,5,0,NA,NA,1,0,NA,NA,NA,NA,NA,NA,0,9,0,0,0,0,0,NA,0,4,0,NA,NA,0,NA,NA,3,9,5,NA,NA,5,11,0,0,17,NA,NA,NA,NA,0,NA,0,0,4,1,NA,NA,260,5,2,66,NA,6,NA,1,NA,0,4,5,9,0,NA,7,7,NA,0,NA,4,NA,6,2,NA,0,0,10,NA,8,0,0,NA,1,NA,NA,0,4,20,0,0,1,0,0,9,0,NA,0,NA,50,NA,6,NA,0,NA,4,9,NA,NA,35,24,NA,1,NA,NA,NA,NA,NA,NA,1,0,NA,NA,NA,1,NA,NA
Total Asset Turnover (x),274487,0.75,0.14,0.13,NA,NA,NA,0.48,0.17,0,NA,0,2,NA,NA,NA,NA,NA,0,0,NA,NA,1,0,0,NA,1,0,NA,NA,1,0,NA,NA,0,0,NA,NA,NA,0,NA,NA,0,1,0,0,0,0,0,NA,0,1,0,NA,NA,0,NA,NA,0,0,1,NA,NA,0,1,0,0,2,NA,NA,NA,NA,0,0,0,0,0,1,NA,NA,2,2,1,0,NA,1,NA,0,NA,0,1,1,0,0,0,1,1,NA,0,NA,1,NA,0,1,NA,0,0,2,NA,2,0,0,NA,0,NA,0,0,0,1,0,0,0,0,0,2,0,NA,0,NA,0,NA,0,0,0,0,3,2,NA,NA,1,0,NA,0,NA,NA,NA,NA,NA,NA,0,0,NA,NA,NA,1,NA,NA
 ,,,,,,,,,,,,,,,,,,,,,,,,,,,,,,,,,,,,,,,,,,,,,,,,,,,,,,,,,,,,,,,,,,,,,,,,,,,,,,,,,,,,,,,,,,,,,,,,,,,,,,,,,,,,,,,,,,,,,,,,,,,,,,,,,,,,,,,,,,,,,,,,,,,,,,,,,,,,,
Cash Flow ($000),,,,,,,,,,,,,,,,,,,,,,,,,,,,,,,,,,,,,,,,,,,,,,,,,,,,,,,,,,,,,,,,,,,,,,,,,,,,,,,,,,,,,,,,,,,,,,,,,,,,,,,,,,,,,,,,,,,,,,,,,,,,,,,,,,,,,,,,,,,,,,,,,,,,,,,,,,,,,
Cash from Ops.,272591,"1,887,000","138,500","233,500",NA,NA,"452,000","(361,000)","471,000","179,790",NA,"52,100","281,380",NA,NA,NA,NA,NA,"408,413","173,000",NA,NA,"29,257","283,000","605,000",NA,"230,100","563,000","365,000",NA,"256,900","18,803","1,255,000","856,000","771,000","1,167,000",NA,NA,NA,"1,548,000",NA,NA,"788,000","260,073","1,785,000","429,000","198,000","34,279","89,000",NA,"62,494","407,700",NA,NA,NA,"77,102",NA,NA,"756,000","279,500","28,078","520,000",NA,"510,235","199,500","125,574","4,807","1,446,000",NA,NA,NA,NA,"184,000","514,352","67,000","281,100","593,000","251,000",NA,NA,"-20,834","7,302,000","157,000","-83,243",NA,"92,178",NA,"1,733,200",NA,"807,000","43,272","388,000","225,057","51,600","154,000","152,000","101,000",NA,"1,082,000",NA,"1,028,000",NA,"1,388,000","498,000",NA,"52,000","577,000","28,453",NA,NA,"33,400","109,700",NA,"736,000",NA,"-519,013","-460,371","1,307,000","104,000","37,398","-1,331,000","2,005,000","66,040","53,814","5,764","73,693",NA,"166,000",NA,"1,528,000","2,829,000","-483,000","-594,000","21,300","20,467,000","1,160,000","223,594",NA,NA,"-15,000","676,000",NA,"10,744,000",NA,NA,NA,NA,NA,NA,"176,615","500,000",NA,"-8,062,000",NA,"1,308,000",NA,0
Cash from Investing,272601,"(674,000)","(279,300)","(329,300)",NA,NA,"(543,000)","20,000","(871,000)","-376,928",NA,"-13,400","-20,929",NA,NA,NA,NA,NA,"-321,338","-4,212,000",NA,NA,"-6,876","-397,000","-772,000",NA,"-18,200","-373,000","-37,177,000",NA,"-127,600","-5,443","267,000","-1,992,000","-127,000","-230,000",NA,NA,NA,"-1,247,000",NA,NA,"-1,460,000","-121,631","-2,477,000","-488,000","-203,000","-40,501","-215,000",NA,"3,128","-122,100",NA,NA,NA,"-139,596",NA,NA,"6,669,000","-6,500",-646,"-72,500",NA,"-1,065,005","-40,800","-42,049","46,108","-312,000",NA,NA,NA,NA,"-196,000","-96,472","-106,000","-165,000","-101,000","159,000",NA,NA,"-30,167","-1,272,000","-159,000",NA,NA,"-541,502",NA,"-413,500",NA,"-423,000","-37,311","-62,000","-11,961","14,362","1,334,000","-2,391,000","-51,000",NA,"-327,000",NA,"-174,000",NA,"3,852,000","-92,000",NA,"-1,772,000","-379,000","-235,848",NA,NA,"-74,300","-188,000",NA,"-152,000",NA,"-1,575,635","-216,115","-343,000","-21,000","-15,725","-1,129,000","-469,000","-144,216","-176,523","-80,892","-63,240",NA,"-318,000",NA,"-670,000","-779,000","1,659,000","-17,861,000","-46,100","-9,221,000","-659,000","-47,439",NA,NA,"-132,000","-1,095,300",NA,"-4,748,000",NA,NA,NA,NA,NA,NA,"-230,622","-919,000",NA,"15,276,000",NA,"-220,000",NA,NA
Cash from Financing,272618,"(1,183,000)","129,400","95,800",NA,NA,"(2,496,000)","(3,577,000)","495,000","168,570",NA,"-32,100","-258,453",NA,NA,NA,NA,NA,"-398,978","4,896,000",NA,NA,"-23,920","110,000","157,000",NA,"3,800","-134,000","11,359,000",NA,"-500,400","-39,998","-1,683,000","1,094,000","-1,199,000","-906,000",NA,NA,NA,"-4,607,000",NA,NA,"414,000","-75,949","565,000","79,000",0,"1,854","120,000",NA,"-96,195","-591,700",NA,NA,NA,"-34,590",NA,NA,"-6,405,000","-12,900","-22,089","-539,500",NA,"277,259","-347,600","-26,273","57,501","-1,870,000",NA,NA,NA,NA,"15,000","-293,666","77,000","-50,800","-673,000","-21,000",NA,NA,"114,548","-363,000","-198,000","77,038",NA,"174,029",NA,"-1,306,300",NA,"-390,000","-11,551","286,000","11,316","-147,465","-1,828,000","2,543,000","-99,000",NA,"-83,000",NA,"-430,000",NA,"-4,554,000","-126,000",NA,"1,809,000","-197,000","259,626",NA,NA,"45,200","78,500",NA,"-587,000",NA,"2,114,873","-164,932","-1,556,000","-162,000",-62,"2,485,000","617,000","66,099","77,844","-205,234","-23,458",NA,"162,000",NA,"-842,000","-1,941,000","-19,000","-254,000","12,800","37,888,000","-407,000","-111,069",NA,NA,"-13,000","-19,400",NA,"-11,406,000",NA,NA,NA,NA,NA,NA,"171,792","412,000",NA,"-19,774,000",NA,"-327,000",NA,NA
Foreign Exchange Rate Adj.,272619,"29,000",NA,NA,NA,NA,"1,000",NA,NA,NA,NA,NA,"14,371.00",NA,NA,NA,NA,NA,NA,NA,NA,NA,NA,NA,NA,NA,NA,NA,"9,000.00",NA,900.00,NA,NA,"-1,000.00","7,000.00",NA,NA,NA,NA,NA,NA,NA,NA,"2,354.00",NA,NA,NA,NA,NA,NA,-26.00,"-1,700.00",NA,NA,NA,NA,NA,NA,"92,000.00","6,100.00",981.00,"-5,500.00",NA,"15,161.00","4,900.00",NA,NA,NA,NA,NA,NA,NA,NA,869.00,NA,600.00,"2,000.00",NA,NA,NA,NA,"19,000.00",NA,NA,NA,159.00,NA,"16,300.00",NA,NA,"-1,732.00","-11,000.00",443.00,NA,NA,"2,000.00","8,000.00",NA,NA,NA,NA,NA,"39,000.00","3,000.00",NA,NA,NA,NA,NA,NA,NA,NA,NA,NA,NA,NA,324.00,"56,000.00",NA,-745.00,NA,NA,NA,85.00,"59,961.00",NA,NA,NA,NA,NA,"-8,000.00","4,000.00",NA,NA,NA,NA,-845.00,NA,NA,NA,NA,NA,NA,NA,NA,NA,NA,NA,NA,230.00,NA,NA,NA,NA,NA,NA,NA
Net Change in Cash,272621,"59,000","(11,400)",NA,NA,NA,"(2,586,000)","(3,918,000)","95,000","-28,568.00",NA,"6,600.00","16,369.00",NA,NA,NA,NA,NA,"-311,903.00","857,000.00",NA,NA,"-1,539.00","-4,000.00","-10,000.00",NA,"215,700.00","56,000.00","-25,444,000.00",NA,"-370,200.00","-26,638.00","-161,000.00","-43,000.00","-548,000.00","31,000.00",NA,NA,NA,"-4,306,000.00",NA,NA,"-258,000.00","64,847.00","-127,000.00","20,000.00","-5,000.00","-4,368.00","-6,000.00",NA,"-30,599.00","-307,800.00",NA,NA,NA,"-97,084.00",NA,NA,"1,112,000.00","266,200.00","6,324.00","-97,500.00",NA,"-262,350.00","-202,200.00","57,252.00","108,416.00","-736,000.00",NA,NA,NA,NA,"3,000.00","125,083.00","38,000.00","65,900.00","-179,000.00","389,000.00",NA,NA,"63,547.00","5,686,000.00","-200,000.00","-6,205.00",NA,"-275,136.00",NA,"29,700.00",NA,"-6,000.00","-7,322.00","601,000.00","224,855.00","-81,503.00","-340,000.00","306,000.00","-41,000.00",NA,"672,000.00",NA,"424,000.00",NA,"725,000.00","283,000.00",NA,"106,000.00","1,000.00","52,231.00",NA,NA,"4,300.00",200.00,NA,"-3,000.00",NA,"20,225.00","-841,094.00","-536,000.00","-79,000.00","20,866.00","25,000.00","2,153,000.00","-12,077.00","-44,780.00","-220,401.00","-13,005.00",NA,"10,000.00",NA,"16,000.00","101,000.00","1,161,000.00","-18,709,000.00","-12,000.00","49,134,000.00","94,000.00","64,241.00",NA,NA,"-160,000.00","-438,700.00",NA,"-5,410,000.00",NA,NA,NA,NA,NA,NA,"118,015.00","-7,000.00",NA,"-12,560,000.00",NA,"761,000.00",NA,NA
Capital Expenditure,272592,"(394,000)","(236,100)","(319,200)",NA,NA,"(1,757,000)","(27,000)","(879,000)","-3,357.00",NA,"-187,300.00","-20,929.00",NA,NA,NA,NA,NA,NA,NA,NA,NA,"-6,876.00","-415,000.00","-789,000.00",NA,"-17,300.00","-4,000.00","-941,000.00",NA,"-136,500.00","-14,215.00","-337,000.00",NA,"-324,000.00","-448,000.00",NA,NA,NA,"-56,000.00",NA,NA,"-1,349,000.00","-41,971.00","-2,421,000.00","-480,000.00","-208,000.00","-36,008.00","-195,000.00",NA,NA,"-122,500.00",NA,NA,NA,NA,NA,NA,"-1,513,000.00","-8,700.00","-1,245.00","-55,000.00",NA,"-133,420.00","-39,200.00","-24,540.00",-531.00,"-121,000.00",NA,NA,NA,NA,"-198,000.00","-32,523.00","-94,000.00","-144,500.00","-109,000.00","-34,000.00",NA,NA,140.00,"-382,000.00","-106,000.00",NA,NA,"-48,971.00",NA,"-482,600.00",NA,"-423,000.00","-37,710.00","-62,000.00","-1,809.00",-56.00,NA,"-20,000.00","-60,000.00",NA,"-362,000.00",NA,"-230,000.00",NA,"-568,000.00","-93,000.00",NA,"-1,842,000.00","-380,000.00","-12,106.00",NA,NA,"-70,500.00","-66,000.00",NA,"-153,000.00",NA,NA,"-224,484.00","-360,000.00","-14,000.00","-17,130.00","-1,234,000.00","-95,000.00","-147,565.00","-185,340.00","-88,405.00","-28,189.00",NA,"-318,000.00",NA,"-136,000.00","-245,000.00","-222,000.00","-239,000.00","-42,400.00","-1,353,000.00","-645,000.00","-15,694.00",NA,NA,"-12,000.00","-26,700.00",NA,"-4,222,000.00",NA,NA,NA,NA,NA,NA,"-217,576.00","-845,000.00",NA,NA,NA,"-159,000.00",NA,NA
Change in Net Working Capital,272627,"174,000","78,900","68,900",NA,NA,NA,"2,791,000","(128,000)","-65,919.00",NA,"-25,700.00","15,164.00","-722,000.00",NA,NA,NA,NA,"-293,391.00","-1,105,000.00",NA,NA,"7,322.00","1,250,000.00","1,358,000.00",NA,"-74,300.00","-39,000.00",NA,NA,"248,200.00","-5,722.00",NA,NA,"-814,000.00","165,000.00",NA,NA,NA,NA,NA,NA,"328,000.00","53,551.00","357,000.00","16,000.00","4,000.00","-9,544.00","20,000.00",NA,"-18,129.00","-61,100.00","-569,000.00",NA,NA,"-73,913.00",NA,NA,"5,451,000.00","-67,400.00","-17,110.00",NA,NA,"56,708.00","333,100.00","60,946.00","-48,887.00","225,000.00",NA,NA,NA,NA,"17,000.00",NA,"29,000.00","-735,300.00","4,000.00","-147,000.00",NA,NA,"158,418.00","-3,800,000.00","-658,000.00","18,748.00",NA,"149,158.00",NA,"452,300.00",NA,"-400,000.00","28,778.00","20,000.00","4,321.00","26,763.00",NA,"-118,000.00","153,000.00",NA,"37,000.00",NA,"-175,000.00",NA,"1,654,000.00","-67,000.00",NA,"1,424,000.00","-74,000.00","92,685.00",NA,"90,100.00","-21,800.00","25,300.00",NA,"-19,000.00",NA,NA,"-427,717.00","383,000.00","47,000.00","-86,484.00","1,434,000.00","-1,817,000.00","25,037.00","74,386.00","277,438.00","48,620.00",NA,"76,000.00",NA,"-542,000.00",NA,"2,258,000.00",NA,"8,500.00",NA,"108,000.00","-40,635.00",NA,NA,"9,000.00","482,500.00",NA,"-1,158,000.00",NA,NA,NA,NA,NA,NA,"-50,702.00","411,000.00",NA,NA,NA,"93,000.00",NA,0.00
Unlevered Free Cash Flow,272626,"1,238,875","(130,875)","(187,388)",NA,NA,NA,"(728,000)","(230,000)","199,193.75",NA,"52,112.50","227,657.88",NA,NA,NA,NA,NA,"629,407.75","1,142,500.00",NA,NA,"20,884.38","-1,452,750.00","-1,633,750.00",NA,"184,225.00","611,125.00",NA,NA,"75,262.50","4,750.50",NA,NA,"1,274,250.00","600,125.00",NA,NA,NA,NA,NA,NA,"-512,750.00","204,668.38","-598,750.00","-29,875.00","49,125.00","4,687.13","-90,250.00",NA,"98,143.63","249,550.00",NA,NA,NA,"140,030.13",NA,NA,"-5,468,250.00","306,662.50","39,679.38",NA,NA,"573,701.25","-77,800.00","15,530.00","108,977.25","824,125.00",NA,NA,NA,NA,"-38,000.00",NA,"-40,875.00","868,312.50","588,000.00","325,125.00",NA,NA,"-62,770.88","6,265,125.00","492,125.00","19,507.88",NA,"-23,042.13",NA,"1,167,500.00",NA,"263,125.00","1,475.25","319,000.00","182,999.25","24,348.00",NA,"291,000.00","63,875.00",NA,"656,000.00",NA,"1,126,875.00",NA,"1,297,000.00","365,125.00",NA,"-1,772,625.00","147,750.00","-13,055.75",NA,NA,"-27,475.00","-5,975.00",NA,"570,125.00",NA,NA,"-87,648.63","1,458,500.00","53,875.00","84,174.00","-1,736,375.00","1,936,375.00","-94,540.38","-142,027.38","-5,896.50","-2,233.25",NA,"-184,500.00",NA,"1,959,500.00",NA,"-935,000.00",NA,"-23,587.50",NA,"558,250.00","168,829.50",NA,NA,"96,625.00","-235,712.50",NA,"5,783,500.00",NA,NA,NA,NA,NA,NA,"-52,581.13","-533,625.00",NA,NA,NA,"763,000.00",NA,NA
Levered Free Cash Flow,272625,"1,163,250","(159,188)","(208,825)",NA,NA,NA,"(912,375)","(284,000)","183,987.75",NA,"19,050.00","227,657.88",NA,NA,NA,NA,NA,"562,958.38","1,118,125.00",NA,NA,"15,558.00","-1,472,750.00","-1,715,625.00",NA,"170,475.00","603,000.00",NA,NA,"7,700.00","3,201.88",NA,NA,"1,225,500.00","487,000.00",NA,NA,NA,NA,NA,NA,"-836,500.00","188,005.25","-956,250.00","-79,875.00","18,500.00",674.00,"-107,750.00",NA,"75,772.63","227,737.50",NA,NA,NA,"132,973.25",NA,NA,"-5,751,375.00","290,912.50","35,597.50",NA,NA,"524,326.25","-106,612.50","1,071.88","91,960.88","784,125.00",NA,NA,NA,NA,"-77,375.00",NA,"-55,250.00","843,875.00","509,875.00","276,375.00",NA,NA,"-62,770.88","6,123,250.00","452,375.00","11,261.88",NA,"-31,685.25",NA,"982,187.50",NA,"214,375.00","-3,917.88","290,250.00","159,509.13","17,386.00",NA,"252,875.00","23,250.00",NA,"555,375.00",NA,"1,041,875.00",NA,"922,000.00","343,250.00",NA,"-1,986,375.00","82,125.00","-20,294.25",NA,NA,"-33,287.50","-14,787.50",NA,"521,375.00",NA,NA,"-213,931.50","1,252,250.00","39,875.00","57,817.13","-1,860,125.00","1,868,875.00","-109,649.75","-158,239.25","-91,065.75","-8,220.13",NA,"-208,875.00",NA,"1,902,625.00",NA,"-1,355,625.00",NA,"-27,337.50",NA,"473,875.00","164,377.00",NA,NA,"93,500.00","-264,025.00",NA,"5,256,000.00",NA,NA,NA,NA,NA,NA,"-58,699.88","-613,625.00",NA,NA,NA,"714,250.00",NA,"-2,971.52"
Cash from Ops. to Curr. Liab. (x),274482,0.80,0.73,0.85,NA,NA,NA,NM,0.87,2.07,NA,0.20,0.12,NA,NA,NA,NA,NA,2.80,0.05,NA,NA,1.22,1.11,0.72,NA,2.49,0.65,NA,NA,0.31,0.91,NA,NA,0.67,2.39,NA,NA,NA,0.07,NA,NA,0.27,0.55,0.44,0.76,0.85,0.74,0.31,NA,2.78,0.87,NA,NA,NA,2.04,NA,NA,0.04,0.44,0.22,NA,NA,0.47,0.39,2.66,0.02,0.21,NA,NA,NA,NA,1.25,0.07,0.72,0.91,0.34,0.39,NA,NA,NM,1.37,0.13,NM,NA,0.23,NA,1.76,NA,3.20,0.21,0.49,0.95,3.08,0.14,0.21,0.11,NA,1.55,NA,0.48,NA,0.26,1.22,NA,0.01,1.07,0.35,NA,NA,0.59,0.89,NA,0.92,NA,NM,NM,0.15,0.30,0.34,NM,0.64,0.29,0.17,0.00,1.65,NA,0.66,NA,0.07,NA,NM,NM,0.30,0.11,0.32,0.90,NA,NA,NM,4.54,NA,1.07,NA,NA,NA,NA,NA,NA,1.13,0.53,NA,NA,NA,4.44,NA,0.00
 ,,,,,,,,,,,,,,,,,,,,,,,,,,,,,,,,,,,,,,,,,,,,,,,,,,,,,,,,,,,,,,,,,,,,,,,,,,,,,,,,,,,,,,,,,,,,,,,,,,,,,,,,,,,,,,,,,,,,,,,,,,,,,,,,,,,,,,,,,,,,,,,,,,,,,,,,,,,,,
Profitability (%),,,,,,,,,,,,,,,,,,,,,,,,,,,,,,,,,,,,,,,,,,,,,,,,,,,,,,,,,,,,,,,,,,,,,,,,,,,,,,,,,,,,,,,,,,,,,,,,,,,,,,,,,,,,,,,,,,,,,,,,,,,,,,,,,,,,,,,,,,,,,,,,,,,,,,,,,,,,,
Return on Assets,274473,10.74,2.89,4.40,NA,NA,1.99,17.39,2.40,1.724,NA,2.299,5.214,NA,NA,NA,NA,NA,2.83,0.06,NA,NA,3.806,2.17,2.059,NA,12.73,7.63,1.067,NA,6.226,0.532,NA,NA,4.954,8.412,NA,NA,NA,6.041,NA,NA,2.019,9.388,1.973,4.078,3.065,1.922,1.906,NA,2.325,8.048,1.201,NA,NA,2.901,NA,NA,0.492,3.672,3.975,NA,NA,2.465,4.396,1.7,0.471,10.485,NA,NA,NA,NA,4.324,2.438,2.088,7.235,3.97,-0.177,NA,NA,18.98,20.272,-6.009,4.73,NA,4.305,NA,12.447,NA,1.169,5.111,9.65,14.618,3.738,0.879,3.66,5.438,NA,7.771,NA,8.442,NA,8.23,10.57,NA,2.113,2.756,11.733,NA,11.655,0.082,2.398,NA,10.254,NA,1.609,-7.223,2.748,4.806,-3.448,2.185,-1.092,1.086,1.552,2.605,3.322,NA,3.617,NA,3.787,0.881,2.622,0.889,1.74,1.632,4.667,15.39,NA,NA,10.112,1.389,NA,6.128,NA,NA,NA,NA,NA,NA,0.627,3.277,NA,1.381,NA,20.632,NA,NA
Return on Capital,274474,15.42,3.85,5.52,NA,NA,NA,25.21,3.63,1.782,NA,3.29,11.52,NA,NA,NA,NA,NA,2.971,0.615,NA,NA,4.271,3.171,3.004,NA,16.209,17.837,NA,NA,7.7,0.964,NA,NA,7.022,11.138,NA,NA,NA,NA,NA,NA,2.968,13.276,2.797,5.359,4.757,2.661,2.603,NA,2.393,10.121,2.052,NA,NA,3.08,NA,NA,0.676,4.447,6.164,NA,NA,2.95,5.68,1.77,0.528,89.592,NA,NA,NA,NA,5.384,NA,2.914,9.121,5.164,-0.22,NA,NA,20.987,33.788,-9.771,4.837,NA,6.509,NA,14.946,NA,1.602,7.273,18.895,18.689,3.844,NA,5.736,7.822,NA,10.574,NA,14.105,NA,11.458,14.002,NA,3.252,3.958,14.04,NA,20.166,0.118,3.558,NA,12.54,NA,NA,-8.122,4.137,6.176,-4.162,3.632,-1.794,1.596,2.282,3.716,7.757,NA,4.968,NA,14.004,NA,8.447,NA,2.708,NA,7.302,22.831,NA,NA,24.142,6.873,NA,8.373,NA,NA,NA,NA,NA,NA,0.722,4.901,NA,NA,NA,23.476,NA,NA
Return on Equity,274475,43.04,9.70,11.67,NA,NA,22.37,271.51,8.87,3.274,NA,5.908,18.485,NA,NA,NA,NA,NA,7.298,0.793,NA,NA,6.785,10.63,9.098,NA,166.744,24.456,12.197,NA,18.214,1.447,NA,NA,14.132,35.286,NA,NA,NA,53.638,NA,NA,3.991,29.314,5.629,11.153,8.327,4.554,3.856,NA,2.8,25.194,3.79,NA,NA,10.628,NA,NA,6.434,7.988,-0.748,NA,NA,3.975,-2.97,4.881,0.392,-148.961,NA,NA,NA,NA,17.288,13.871,4.352,-34.803,7.418,3.906,NA,NA,37.726,372.595,-68.671,24.193,NA,14.26,NA,-136.117,NA,9.206,14.744,-286.131,-155.804,10.06,27.161,-2.568,20.02,NA,22.624,NA,38.236,NA,104.158,29.348,NA,6.802,9.519,38.099,NA,56.868,-0.393,8.84,NA,19.578,NA,9.89,-63.19,5.958,14.835,29.032,7.815,14.823,1.9,3.514,19.248,11.068,NA,10.86,NA,20.879,9.009,-13.214,8.952,5.398,21.628,34.308,47.21,NA,NA,52.112,6.8,NA,32.201,NA,NA,NA,NA,NA,NA,0.615,11.086,NA,14.143,NA,41.687,NA,1.904
Return on Common Equity,274476,43.22,9.70,11.67,NA,NA,24.11,278.25,8.95,1.624,NA,5.908,18.653,NA,NA,NA,NA,NA,11.932,0.257,NA,NA,6.785,10.63,10.086,NA,166.744,24.456,12.854,NA,18.356,1.443,NA,NA,-12.297,35.308,NA,NA,NA,58.174,NA,NA,4.01,29.314,6.39,11.153,8.327,4.554,3.856,NA,1.894,25.386,3.13,NA,NA,10.619,NA,NA,6.552,7.238,-1.169,NA,NA,3.95,-3.175,4.881,0.528,-148.961,NA,NA,NA,NA,17.288,14.141,4.352,-37.746,7.418,3.906,NA,NA,37.726,371.014,-68.671,24.193,NA,14.225,NA,-136.117,NA,9.206,14.744,-274.473,-155.804,10.115,27.286,-4.622,20.148,NA,22.624,NA,38.236,NA,112.224,29.633,NA,6.808,9.521,38.099,NA,56.917,-0.393,8.84,NA,19.578,NA,9.735,-63.19,5.825,14.406,29.032,8.086,14.823,1.9,3.575,19.741,11.068,NA,10.86,NA,22.081,9.759,-13.517,9.655,5.398,23.583,33.75,47.21,NA,NA,52.112,6.8,NA,32.018,NA,NA,NA,NA,NA,NA,0.36,11.086,NA,13.583,NA,41.687,NA,1.904
Gross Profit Margin,274477,47.27,67.80,92.42,NA,NA,NA,66.48,49.15,54.739,NA,43.589,11.68,NA,NA,NA,NA,NA,64.535,37.493,NA,NA,69.361,36.477,44.546,NA,34.945,39.826,NA,NA,29.677,31.352,17.626,12.775,37.561,56.488,NA,NA,NA,95.79,NA,NA,49.704,38.245,49.566,48.755,46.531,37.604,51.754,NA,88.186,60.884,40.97,NA,NA,72.942,NA,NA,10.706,57.248,53.983,40.796,NA,56.195,57.102,69.593,48.443,21.667,NA,NA,NA,NA,91.228,70.829,52.415,52.595,56.592,36.924,12.292,NA,27.23,34.078,27.073,100,NA,14.645,NA,54.68,NA,50.361,27.147,48.453,82.471,97.038,100,27.609,32.632,NA,53.09,NA,22.325,NA,80.214,27.646,NA,30.681,46.379,20.048,NA,26.553,30.515,33.875,NA,74.478,NA,100,NM,20.309,11.338,19.882,38.959,17.166,38.649,19.655,18.154,51.081,NA,50,NA,28.8,NA,17.208,96.333,37.354,90.336,22.756,35.067,NA,NA,21.455,29.165,NA,57.78,NA,NA,NA,NA,NA,NA,30.123,56.806,NA,NA,NA,49.65,NA,NA
Net Income Margin,274478,17.03,20.03,40.66,NA,NA,39.61,38.28,14.68,16.519,NA,9.793,2.81,NA,NA,NA,NA,NA,17.749,1.851,NA,NA,3.836,10.125,14.409,NA,21.025,30.632,31.949,NA,12.65,2.408,-1.469,-8.218,12.825,39.231,NA,NA,NA,49.303,NA,NA,9.381,13.019,13.286,16.377,14.014,7.825,8.553,NA,14.933,17.42,9.975,NA,NA,45.29,NA,NA,2.097,13.708,-0.29,13.449,NA,12.332,-1.732,20.495,2.279,7.734,NA,NA,NA,NA,29.825,18.21,9.903,-50.5,14.268,1.38,-8.272,NA,14.925,10.358,-11.564,141.335,NA,3.844,NA,37.693,NA,30.447,6.612,14.866,33.205,53.368,36.204,-0.537,7.272,NA,29.26,NA,11.332,NA,24.918,13.31,NA,8.437,17.334,5.783,NA,8.229,-1.471,13.382,NA,29.524,NA,16.914,NM,6.499,2.891,-26.265,11.645,8.683,3.898,3.058,0.582,18.802,NA,18.502,NA,12.85,25.26,3.453,27.943,5.894,35.439,2.686,12.372,NA,NA,8.273,6.111,NA,17.178,NA,NA,NA,NA,NA,NA,0.354,23.779,NA,28.006,NA,32.697,NA,NA
Earnings from Cont Ops Margin,274479,17.04,20.03,40.66,NA,NA,39.57,38.30,14.75,16.519,NA,9.793,2.817,NA,NA,NA,NA,NA,20.17,1.851,NA,NA,3.836,10.125,11.481,NA,21.025,30.632,31.949,NA,12.67,2.408,0.313,-6.455,12.968,39.231,NA,NA,NA,49.303,NA,NA,8.855,13.019,12.122,16.377,14.014,7.825,8.553,NA,14.933,17.485,8.109,NA,NA,45.308,NA,NA,2.067,13.791,-0.186,13.61,NA,12.483,-1.656,20.495,1.702,7.734,NA,NA,NA,NA,29.825,18.163,9.903,-50.434,14.268,1.38,-8.272,NA,14.925,10.358,-11.564,141.335,NA,3.86,NA,37.693,NA,30.447,6.612,14.916,33.205,53.433,36.204,-0.537,7.272,NA,29.26,NA,11.332,NA,24.918,13.31,NA,8.437,17.334,5.783,NA,8.063,-1.471,13.382,NA,29.524,NA,18.168,NM,6.851,3.005,-26.265,11.645,8.683,3.898,3.223,0.582,18.802,NA,18.502,NA,11.347,25.383,3.336,27.943,5.894,35.439,2.689,12.372,NA,NA,8.273,6.111,NA,17.619,NA,NA,NA,NA,NA,NA,0.612,23.779,NA,31.27,NA,32.697,NA,NA
EBIT Margin,274481,22.92,32.97,56.17,NA,NA,NA,57.71,22.70,21.61,NA,18.508,4.021,NA,NA,NA,NA,NA,34.919,3.582,NA,NA,10.066,12.483,17.107,NA,28.46,38.562,NA,NA,18.566,3.692,-7.609,-2.902,16.967,44.849,NA,NA,NA,NA,NA,NA,25.872,17.467,22.543,26.34,23.537,14.855,17.105,NA,46.234,24.781,15.498,NA,NA,38.071,NA,NA,1.876,16.011,5.198,16.291,NA,20.626,13.493,24.145,8.187,9.152,NA,NA,NA,NA,56.14,NA,16.667,39.773,25.478,-0.323,-2.673,NA,18.629,14.493,-11.672,84.398,NA,5.019,NA,43.547,NA,15.729,9.401,21.106,54.909,63.753,NA,9.064,11.628,NA,42.587,NA,15.419,NA,37.551,18.446,NA,16.088,22.034,9.34,NA,10.947,1.225,16.313,NA,43.91,NA,NA,NM,11.058,6.519,-16.283,18.663,-4.017,11.164,6.788,2.039,35.701,NA,25.076,NA,15.72,NA,9.225,NA,9.664,NA,2.893,15.727,NA,NA,11,13,NA,25.222,NA,NA,NA,NA,NA,NA,2.288,33.487,NA,NA,NA,45.547,NA,NA
 ,,,,,,,,,,,,,,,,,,,,,,,,,,,,,,,,,,,,,,,,,,,,,,,,,,,,,,,,,,,,,,,,,,,,,,,,,,,,,,,,,,,,,,,,,,,,,,,,,,,,,,,,,,,,,,,,,,,,,,,,,,,,,,,,,,,,,,,,,,,,,,,,,,,,,,,,,,,,,
,,,,,,,,,,,,,,,,,,,,,,,,,,,,,,,,,,,,,,,,,,,,,,,,,,,,,,,,,,,,,,,,,,,,,,,,,,,,,,,,,,,,,,,,,,,,,,,,,,,,,,,,,,,,,,,,,,,,,,,,,,,,,,,,,,,,,,,,,,,,,,,,,,,,,,,,,,,,,
