issuer_name,cusip,instrument_id,mi_key,actual_spread,predicted_spread,cheapness_bps,downgrade_prob_4q,sp_rating,rating_numeric,modified_duration,quadrant,rv_long_score,rv_short_score
Vericast Corp.,U9231NAK4,SPS1805148393,4158977,784.48926,263.126092826197,521.3631671738029,,CCC,18.0,1.29494,Long (cheap+safe),260.68158358690147,-260.68158358690147
Vericast Corp.,92342NAK9,SPS1805310512,4158977,784.48926,263.126092826197,521.3631671738029,,CCC,18.0,1.29494,Long (cheap+safe),260.68158358690147,-260.68158358690147
"LGI Homes, Inc.",50187TAJ5,SPS1862056393,4398514,308.435,129.31552914119348,179.11947085880652,0.06813655546160627,B,15.0,2.17342,Long (cheap+safe),166.91488709838188,-12.204583760424638
Yellowstone Energy LP,98580LAA3,SPS291371305,4064145,431.97865,120.54876627224576,311.42988372775426,,BBB,9.0,0.54831,Long (cheap+safe),155.71494186387713,-155.71494186387713
"Warner Media, LLC",887317AH8,SPS109112605,4120680,591.72212,308.56226731768567,283.15985268231435,,BB,12.0,7.89096,Long (cheap+safe),141.57992634115718,-141.57992634115718
"Bath & Body Works, Inc.",U53313AA7,SPS64386194,4069317,293.98588,156.817232073495,137.168647926505,0.09318366004354417,BB-,13.0,5.21364,Long (cheap+safe),124.38677126948896,-12.781876657016042
"Bath & Body Works, Inc.",532716AJ6,SPS14132358,4069317,293.98588,156.817232073495,137.168647926505,0.09318366004354417,BB-,13.0,5.21364,Long (cheap+safe),124.38677126948896,-12.781876657016042
"Warner Media, LLC",887317AX3,SPS302465050,4120680,606.20705,365.90690421525,240.30014578475,,BB,12.0,9.13513,Long (cheap+safe),120.150072892375,-120.150072892375
"iHeartCommunications, Inc.",U45057AP8,SPS1912350935,4095086,504.10151,277.2308422507256,226.87066774927445,,CCC+,17.0,3.71535,Long (cheap+safe),113.43533387463722,-113.43533387463722
Valero Energy Corporation,252747AF7,SPS14034325,4011157,304.30968,90.64776868237833,213.66191131762167,,BBB,9.0,0.08571,Long (cheap+safe),106.83095565881084,-106.83095565881084
"Warner Media, LLC",887317AE5,SPS99075343,4120680,536.02379,339.2792449848454,196.74454501515459,,BB,12.0,8.05474,Long (cheap+safe),98.37227250757729,-98.37227250757729
USF&G Capital III,90330SAB6,SPS32227124,7381986,333.22728,142.09118280932515,191.13609719067486,,BBB+,8.0,9.55471,Long (cheap+safe),95.56804859533743,-95.56804859533743
"Warner Media, LLC",887317AM7,SPS141639167,4120680,534.45033,344.36731521071124,190.08301478928877,,BB,12.0,8.78852,Long (cheap+safe),95.04150739464438,-95.04150739464438
"Talcott Resolution Life, Inc.",416592AC7,SPS14043960,109080,271.51699,82.57202318331312,188.9449668166869,,BB+,11.0,0.95698,Long (cheap+safe),94.47248340834345,-94.47248340834345
Jefferies Financial Group Inc.,47233JCR7,SPS643085688,103464,388.21756,232.89775875396222,155.31980124603777,0.3941554534165877,BBB,9.0,6.83156,Trap (cheap+risky),94.09965456133148,-61.2201466847063
"Warner Media, LLC",887317AS4,SPS252866919,4120680,510.58523,328.97338831294,181.61184168706,,BB,12.0,9.09024,Long (cheap+safe),90.80592084353,-90.80592084353
"Bath & Body Works, Inc.",532716AK3,SPS14140320,4069317,293.98588,196.45471627139608,97.53116372860393,0.09318366004354417,BB-,13.0,5.21364,Long (cheap+safe),88.44285292406646,-9.088310804537475
Southwest Gas Corporation,84489PAC2,SPS14043803,4041957,223.84555,129.16090102450804,94.68464897549197,0.07727421594786704,BBB+,8.0,0.9514,Long (cheap+safe),87.36796696361182,-7.316682011880154
"Warner Media, LLC",887317AU9,SPS264162316,4120680,485.38875,334.14377517291825,151.24497482708176,,BB,12.0,9.57217,Long (cheap+safe),75.62248741354088,-75.62248741354088
"Warner Media, LLC",887317AP0,SPS208511565,4120680,492.37852,341.2723977690489,151.1061222309511,,BB,12.0,9.05129,Long (cheap+safe),75.55306111547554,-75.55306111547554
"Pipeline Funding Company, LLC",724060AA6,SPS73143603,4243759,291.35636,141.4685987932361,149.88776120676388,,BBB,9.0,2.77036,Long (cheap+safe),74.94388060338194,-74.94388060338194
Jefferies Financial Group Inc.,47233WLQ0,SPS1981558671,103464,270.90149,163.06806291145907,107.83342708854096,0.3941554534165877,BBB,9.0,9.14123,Trap (cheap+risky),65.33029374099256,-42.50313334754841
Jefferies Financial Group Inc.,47233WLZ0,SPS1986625840,103464,263.25665,156.3892376899404,106.86741231005959,0.3941554534165877,BBB,9.0,11.923,Trap (cheap+risky),64.74503895553063,-42.12237335452897
"Warner Media, LLC",887317AD7,SPS30133498,4120680,353.25655,225.36019144321088,127.89635855678912,,BB,12.0,7.26351,Long (cheap+safe),63.94817927839456,-63.94817927839456
Ford Motor Company,345370BS8,SPS14043002,113873,289.44346,184.58351007401853,104.85994992598148,0.40014708018647954,BBB-,10.0,13.44382,Trap (cheap+risky),62.90054713459955,-41.95940279138194
"Macy's, Inc.",577778BK8,SPS14081521,4004104,325.46967,254.47393434930254,70.99573565069747,0.11483540515343936,BB+,11.0,3.14881,Long (cheap+safe),62.84291158308314,-8.152824067614322
"BellSouth Telecommunications, LLC",079867AS6,SPS14027520,4004438,372.2964,247.38012923816427,124.91627076183573,,BBB,9.0,11.23761,Long (cheap+safe),62.45813538091787,-62.45813538091787
"Tenaska Georgia Partners, L.P.",88031JAB2,SPS14087539,4063355,215.94684,96.1740425003779,119.77279749962211,,BBB+,8.0,1.77673,Long (cheap+safe),59.88639874981106,-59.88639874981106
"Corebridge Financial, Inc.",U20256AF7,SPS1776484759,102701,128.6425,54.9305436167809,73.7119563832191,0.21802337052922702,BBB+,8.0,13.93163,Trap (cheap+risky),57.6410272042463,-16.0709291789728
"Corebridge Financial, Inc.",21871XAL3,SPS1776484760,102701,128.6425,54.9305436167809,73.7119563832191,0.21802337052922702,BBB+,8.0,13.93163,Trap (cheap+risky),57.6410272042463,-16.0709291789728
"Discovery Communications, LLC",25470DBU2,SPS1948595357,4200085,448.01286,333.2796958468377,114.7331641531623,,BB,12.0,10.55019,Long (cheap+safe),57.36658207658115,-57.36658207658115
Freedom Mortgage Corporation,U31333AG9,SPS1848270539,4105802,260.87979,151.3382972595231,109.54149274047691,,B,15.0,0.59158,Long (cheap+safe),54.770746370238456,-54.770746370238456
Jefferies Financial Group Inc.,47233JDZ8,SPS690751551,103464,235.58001,154.44779042958712,81.13221957041287,0.3941554534165877,BBB,9.0,10.02134,Trap (cheap+risky),49.15351277894264,-31.978706791470234
Jefferies Financial Group Inc.,47233WHA0,SPS1893490168,103464,227.53397,148.33258022529398,79.20138977470603,0.3941554534165877,BBB,9.0,7.41127,Trap (cheap+risky),47.983730076832884,-31.21765969787315
Ford Motor Company,345370BR0,SPS14037654,113873,225.02208,147.07142810108047,77.95065189891952,0.40014708018647954,BBB-,10.0,10.68927,Trap (cheap+risky),46.75892614293422,-31.191725755985303
Time Warner Cable Inc.,88732JBB3,SPS140294740,4146010,245.25884,153.55269883924177,91.70614116075822,,BBB-,10.0,9.61204,Long (cheap+safe),45.85307058037911,-45.85307058037911
"BellSouth, LLC",079857AF5,SPS14045528,4041154,249.08903,159.48657080619472,89.60245919380529,,BBB,9.0,13.93219,Long (cheap+safe),44.801229596902644,-44.801229596902644
Time Warner Cable Inc.,88732JAY4,SPS115638708,4146010,246.52981,157.01448704922845,89.51532295077155,,BBB-,10.0,9.31143,Long (cheap+safe),44.757661475385774,-44.757661475385774
Jefferies Financial Group Inc.,47233WHJ1,SPS1903319909,103464,233.34981,160.71061949778974,72.63919050221025,0.3941554534165877,BBB,9.0,8.93846,Trap (cheap+risky),44.008057433997685,-28.631133068212574
Time Warner Cable Inc.,88732JAU2,SPS60515940,4146010,238.39921,152.54133812599403,85.85787187400598,,BBB-,10.0,8.29997,Long (cheap+safe),42.92893593700299,-42.92893593700299
Time Warner Cable Inc.,88732JAN8,SPS46045098,4146010,235.6016,151.01667634267514,84.58492365732485,,BBB-,10.0,7.81711,Long (cheap+safe),42.292461828662425,-42.292461828662425
Anadarko Petroleum Corporation,032511AK3,SPS14037944,4010194,292.23913,210.55322121467339,81.6859087853266,,BB+,11.0,13.41025,Long (cheap+safe),40.8429543926633,-40.8429543926633
"Discovery Global Holdings, Inc.",55903VBW2,SPS1948595592,29181597,354.11798,272.8876856424796,81.23029435752039,,BB,12.0,9.61088,Long (cheap+safe),40.615147178760196,-40.615147178760196
Halliburton Company,406216AS0,SPS14176439,4010641,241.0619,160.40805440445334,80.65384559554667,,BBB+,8.0,14.13637,Long (cheap+safe),40.326922797773335,-40.326922797773335
Jefferies Financial Group Inc.,47233WJK6,SPS1935137954,103464,218.87764,154.76547974414774,64.11216025585227,0.3941554534165877,BBB,9.0,10.53404,Trap (cheap+risky),38.84200266068989,-25.270157595162384
"Cox Communications, Inc.",872241AB0,SPS14052038,4024830,213.21872,135.90691587026794,77.31180412973205,,BBB,9.0,1.53066,Long (cheap+safe),38.65590206486603,-38.65590206486603
Anadarko Petroleum Corporation,032511AJ6,SPS14036609,4010194,305.12025,228.53054232196075,76.58970767803925,,BB+,11.0,12.99838,Long (cheap+safe),38.29485383901962,-38.29485383901962
Ford Motor Company,345370BW9,SPS14087329,113873,263.41536,202.1691785153455,61.24618148465453,0.40014708018647954,BBB-,10.0,9.8139,Trap (cheap+risky),36.7387007909988,-24.507480693655733
PacifiCorp,695114DA3,SPS1837759730,4001587,156.09014,112.02728465762453,44.06285534237546,0.1745590093962375,BBB+,8.0,13.55013,Trap (cheap+risky),36.37128696264069,-7.691568379734771
Time Warner Cable Inc.,88732JAJ7,SPS34405166,4146010,222.42379,151.80565995271257,70.61813004728742,,BBB-,10.0,7.66383,Long (cheap+safe),35.30906502364371,-35.30906502364371
Verizon Communications Inc.,92346MGP0,SPS430326192,4057229,190.64406,155.12628058233912,35.517779417660876,0.10319396477344395,BBB+,8.0,3.74881,Long (cheap+safe),31.852558939603828,-3.6652204780570488
PacifiCorp,695114CV8,SPS604263578,4001587,142.61506,104.2591582061805,38.3559017938195,0.1745590093962375,BBB+,8.0,13.3711,Trap (cheap+risky),31.660533572191,-6.695368221628501
PacifiCorp,695114CT3,SPS573563734,4001587,145.2201,107.24863596984035,37.97146403015965,0.1745590093962375,BBB+,8.0,13.02695,Trap (cheap+risky),31.343202883730118,-6.628261146429533
Historic TW Inc.,887315BN8,SPS14063043,4004176,301.25568,239.3878534435999,61.867826556400075,,BB,12.0,2.63273,Long (cheap+safe),30.933913278200038,-30.933913278200038
Southern California Edison Company,842400GR8,SPS606122902,4009083,165.66086,128.94628721941248,36.71457278058753,0.16143408731704326,BBB+,8.0,12.52806,Long (cheap+safe),30.787589232518226,-5.926983548069307
Jefferies Financial Group Inc.,47233WLU1,SPS1984711343,103464,190.29631,139.7745539619534,50.52175603804662,0.3941554534165877,BBB,9.0,5.53063,Trap (cheap+risky),30.60833037946813,-19.913425658578493
"Transcontinental Gas Pipe Line Company, LLC",893570BM2,SPS14038463,4057168,33.97633,-25.40584533048012,59.382175330480116,,BBB+,8.0,0.47771,Long (cheap+safe),29.691087665240058,-29.691087665240058
Southern California Edison Company,842400FZ1,SPS247431684,4009083,159.37261,125.74173207193434,33.63087792806567,0.16143408731704326,BBB+,8.0,11.10629,Long (cheap+safe),28.201707844077497,-5.4291700839881765
Southern California Edison Company,842400FT5,SPS143212055,4009083,166.9095,133.9999838013802,32.9095161986198,0.16143408731704326,BBB+,8.0,10.56404,Long (cheap+safe),27.59679848705016,-5.312717711569638
Apollo Debt Solutions BDC,03770DAF0,SPS1916558713,27739734,206.28585,151.286777267872,54.99907273212801,,BBB-,10.0,4.70924,Long (cheap+safe),27.499536366064007,-27.499536366064007
Southern California Edison Company,842400HR7,SPS1783883638,4009083,171.87636,139.40974387715255,32.466616122847455,0.16143408731704326,BBB+,8.0,12.69642,Long (cheap+safe),27.225397580782776,-5.24121854206468
Ford Motor Company,345370BM1,SPS14009295,113873,236.27883,190.9805734741319,45.29825652586811,0.40014708018647954,BBB-,10.0,9.38783,Trap (cheap+risky),27.172291439503848,-18.125965086364268
Anadarko Petroleum Corporation,032511AL1,SPS14049077,4010194,215.29022,161.0100661657407,54.280153834259295,,BB+,11.0,1.36749,Long (cheap+safe),27.140076917129647,-27.140076917129647
Southern California Edison Company,842400JK0,SPS1934881042,4009083,173.05883,141.21853126036285,31.84029873963715,0.16143408731704326,BBB+,8.0,13.16837,Long (cheap+safe),26.700189172701823,-5.140109566935326
Southern California Edison Company,842400JD6,SPS1872828501,4009083,173.58479,142.3907156486825,31.19407435131751,0.16143408731704326,BBB+,8.0,13.1809,Long (cheap+safe),26.15828742871258,-5.03578692260493
Raytheon Company,755111AP6,SPS14062322,4020418,108.68398,57.20634940388612,51.47763059611388,,BBB+,8.0,2.20408,Long (cheap+safe),25.73881529805694,-25.73881529805694
Southern California Edison Company,842400HV8,SPS1827629926,4009083,174.74978,144.15233501905956,30.597444980940423,0.16143408731704326,BBB+,8.0,12.89117,Long (cheap+safe),25.657974376208863,-4.9394706047315635
Southern California Edison Company,842400HX4,SPS1838048846,4009083,170.08341,140.60198388835653,29.481426111643458,0.16143408731704326,BBB+,8.0,12.79573,Long (cheap+safe),24.72211899450545,-4.759307117138009
"Continental Resources, Inc.",212015AQ4,SPS263811432,4120318,203.01302,153.65528540359495,49.357734596405066,,BBB-,10.0,10.8011,Long (cheap+safe),24.678867298202533,-24.678867298202533
Oracle Corporation,68389XBY0,SPS661501798,4041363,242.50185,216.85087444657358,25.650975553426406,0.04190351710339104,BBB,9.0,14.24144,Long (cheap+safe),24.576109460604737,-1.074866092821669
Southern California Edison Company,842400FV0,SPS177843184,4009083,161.30453,132.15600003817977,29.14852996182023,0.16143408731704326,BBB+,8.0,10.78076,Long (cheap+safe),24.442963630800293,-4.705566331019939
Southern California Edison Company,842400JH7,SPS1915273747,4009083,170.33195,141.21853126036285,29.113418739637154,0.16143408731704326,BBB+,8.0,13.19975,Long (cheap+safe),24.413520556724926,-4.699898182912228
Southern California Edison Company,842400GK3,SPS554457256,4009083,160.57993,131.47906260721697,29.100867392783016,0.16143408731704326,BBB+,8.0,12.76813,Long (cheap+safe),24.402995425094787,-4.69787196768823
Jefferies Financial Group Inc.,47233WKB4,SPS1948280473,103464,177.57236,137.305347318995,40.26701268100501,0.3941554534165877,BBB,9.0,6.42409,Trap (cheap+risky),24.395550039992,-15.871462641013018
Southern California Edison Company,842400FW8,SPS231601759,4009083,161.47187,132.74735663450207,28.724513365497927,0.16143408731704326,BBB+,8.0,11.27479,Long (cheap+safe),24.08739776671256,-4.6371155987853685
Southern California Edison Company,842400GG2,SPS424152027,4009083,157.85324,129.76296781526167,28.090272184738325,0.16143408731704326,BBB+,8.0,12.66096,Long (cheap+safe),23.555544732107766,-4.534727452630558
Ford Motor Company,345370BP4,SPS14035502,113873,156.80626,118.64449682901342,38.16176317098659,0.40014708018647954,BBB-,10.0,0.16725,Trap (cheap+risky),22.891445063348378,-15.270318107638213
Southern California Edison Company,842400GE7,SPS281965523,4009083,160.45256,134.3237328693094,26.12882713069061,0.16143408731704326,BBB+,8.0,12.11256,Long (cheap+safe),21.910743770182773,-4.218083360507837
Pacific Gas and Electric Company,694308KD8,SPS1771741934,4004218,177.63131,152.97782195955733,24.65348804044268,0.14699392038597603,BBB+,8.0,12.89265,Long (cheap+safe),21.029575182189237,-3.6239128582534437
PacifiCorp,695114CG1,SPS37480617,4001587,125.10437,99.90575284118898,25.198617158811018,0.1745590093962375,BBB+,8.0,8.10471,Trap (cheap+risky),20.799971509413936,-4.398645649397084
"Time Warner Cable Enterprises, LLC",88731EAJ9,SPS14080100,4071273,189.72695,148.60220273030095,41.12474726969904,,BBB-,10.0,5.30198,Long (cheap+safe),20.56237363484952,-20.56237363484952
PacifiCorp,695114CE6,SPS33224902,4001587,122.94176,98.29479639444017,24.646963605559833,0.1745590093962375,BBB+,8.0,7.93469,Trap (cheap+risky),20.34461405394819,-4.302349551611643
Pacific Gas and Electric Company,694308KK2,SPS1831053386,4004218,176.8869,153.07671962318247,23.810180376817527,0.14699392038597603,BBB+,8.0,12.55196,Long (cheap+safe),20.310228618131884,-3.4999517586856443
Pacific Gas and Electric Company,694308KH9,SPS1820704226,4004218,178.42636,154.98785410600283,23.43850589399716,0.14699392038597603,BBB+,8.0,12.31508,Long (cheap+safe),19.993188024648713,-3.4453178693484485
Alltel Corporation,020039AJ2,SPS14070091,4019044,90.98841,53.51421012056753,37.47419987943247,,BBB+,8.0,2.62554,Long (cheap+safe),18.737099939716234,-18.737099939716234
Pacific Gas and Electric Company,694308KZ9,SPS1961942871,4004218,176.04689,154.65616917890253,21.39072082109746,0.14699392038597603,BBB+,8.0,13.25898,Long (cheap+safe),18.24641490772242,-3.1443059133750397
Citigroup Inc.,172967QE4,SPS1956598824,4041896,161.77527,142.07420068380026,19.70106931619975,0.0856521308754484,BBB,9.0,11.06754,Long (cheap+safe),18.013630748742326,-1.6874385674574217
CSX Corporation,126408BP7,SPS241269697,4004350,76.99607,55.05440891441919,21.94166108558081,0.18783363944668735,BBB+,8.0,0.88314,Trap (cheap+risky),17.820279028370415,-4.121382057210397
Citigroup Inc.,U17408NC2,SPS1955139175,4041896,146.00471,126.73102739665397,19.273682603346018,0.0856521308754484,BBB+,8.0,7.2873,Long (cheap+safe),17.62285061855237,-1.6508319847936461
Southern California Edison Company,842400HF3,SPS717991856,4009083,151.79294,131.05495742195222,20.737982578047763,0.16143408731704326,BBB+,8.0,13.85796,Long (cheap+safe),17.390165287763878,-3.3478172902838845
"Kinder Morgan, Inc.",482620AX9,SPS14053447,4275772,199.16139,166.73192828229085,32.42946171770916,,BBB+,8.0,15.11771,Long (cheap+safe),16.21473085885458,-16.21473085885458
Oracle Corporation,68389XBX2,SPS661501800,4041363,223.59055,206.70015122675719,16.890398773242822,0.04190351710339104,BBB,9.0,13.28475,Long (cheap+safe),16.182631659365146,-0.7077671138776757
Southern California Edison Company,842400FQ1,SPS112583104,4009083,148.21525,129.09074646898569,19.124503531014312,0.16143408731704326,BBB+,8.0,9.915,Long (cheap+safe),16.037156758093445,-3.0873467729208666
Southern California Edison Company,842400GT4,SPS650140239,4009083,153.15574,134.34280670804677,18.812933291953243,0.16143408731704326,BBB+,8.0,13.64365,Long (cheap+safe),15.775884576210354,-3.03704871574289
Citigroup Inc.,172967MP3,SPS660463768,4041896,113.23957,96.77976998460703,16.45980001539297,0.0856521308754484,BBB+,8.0,4.25082,Long (cheap+safe),15.049983070290825,-1.4098169451021465
Southern California Edison Company,842400GY3,SPS700276747,4009083,149.18434,131.99285909224022,17.191480907759768,0.16143408731704326,BBB+,8.0,14.63212,Long (cheap+safe),14.416189877787197,-2.7752910299725726
Southern California Edison Company,842400FL2,SPS54125736,4009083,143.00305,125.93584990525126,17.067200094748742,0.16143408731704326,BBB+,8.0,8.75266,Long (cheap+safe),14.311972224395625,-2.7552278703531172
Southern California Edison Company,842400HN6,SPS1763903341,4009083,149.80852,133.6689636669001,16.139556333099875,0.16143408731704326,BBB+,8.0,14.34038,Long (cheap+safe),13.534081786763892,-2.6054745463359836
CSX Corporation,126408BM4,SPS14050104,4004350,88.59312,72.0001493835714,16.5929706164286,0.18783363944668735,BBB+,8.0,0.8811,Trap (cheap+risky),13.476252556312875,-3.1167180601157276
Southern California Edison Company,842400FP3,SPS99254812,4009083,143.0473,127.04230331120915,16.004996688790854,0.16143408731704326,BBB+,8.0,9.36679,Long (cheap+safe),13.421244655823603,-2.5837520329672508
"Charter Communications Operating, LLC",161175CL6,SPS1774063862,4137131,282.60067,256.3105447562319,26.290125243768102,,BBB-,10.0,13.00693,Long (cheap+safe),13.145062621884051,-13.145062621884051
Ford Holdings LLC,345277AE7,SPS14168084,4171731,154.90822,130.8802549032227,24.027965096777308,,BBB-,10.0,3.13353,Long (cheap+safe),12.013982548388654,-12.013982548388654
Ameritech Capital Funding Corporation,030955AJ7,SPS14047511,4150236,114.35885,90.64841804504225,23.710431954957755,,BBB,9.0,1.29452,Long (cheap+safe),11.855215977478878,-11.855215977478878
"El Paso Natural Gas Company, L.L.C.",283695BE3,SPS14037911,4057159,55.1647,32.89389216949334,22.270807830506662,,BBB+,8.0,0.45056,Long (cheap+safe),11.135403915253331,-11.135403915253331
Connecticut Natural Gas Corporation,20765QAK1,SPS37846246,4059402,138.59574,127.04891261346883,11.546827386531177,0.03741121059146123,BBB+,8.0,7.98583,Long (cheap+safe),11.114846595510407,-0.43198079102076975
Pacific Gas and Electric Company,694308KV8,SPS1932376729,4004218,174.74511,161.92416260740154,12.82094739259847,0.14699392038597603,BBB+,8.0,13.05096,Long (cheap+safe),10.936346072298063,-1.8846013203004064
Citigroup Inc.,17290AHK9,SPS712751877,4041896,144.39003,132.64997667864083,11.74005332135917,0.0856521308754484,BBB+,8.0,10.95791,Long (cheap+safe),10.73449273779337,-1.0055605835657984
Southern California Edison Company,842400FH1,SPS40123953,4009083,138.84191,126.9146906049824,11.927219395017616,0.16143408731704326,BBB+,8.0,8.20025,Long (cheap+safe),10.00175961775281,-1.9254597772648057
Citigroup Inc.,1730T3BB8,SPS165288847,4041896,139.10847,128.19362235833944,10.914847641660572,0.0856521308754484,BBB+,8.0,7.90693,Long (cheap+safe),9.97996768297148,-0.9348799586890906
Boston Properties Limited Partnership,10112RBE3,SPS706230363,4064347,94.7415,84.30888699489762,10.432613005102382,0.06830797809479218,BBB,9.0,5.26716,Long (cheap+safe),9.719982304478405,-0.7126307006239776
Verizon Virginia LLC,165087AL1,SPS14003433,4057242,58.8579,40.6101940840627,18.247705915937303,,BBB+,8.0,2.89928,Long (cheap+safe),9.123852957968651,-9.123852957968651
Expand Energy Corporation,845467AR0,SPS1675972149,4010492,116.65765,100.73478023554665,15.922869764453353,,BBB-,10.0,2.4177,Long (cheap+safe),7.961434882226676,-7.961434882226676
Boston Gas Company,100743AN3,SPS1848145517,4057111,163.5612,147.91404013786553,15.647159862134487,,BBB+,8.0,12.79487,Long (cheap+safe),7.823579931067243,-7.823579931067243
Boston Gas Company,U0568KAE6,SPS1848226543,4057111,163.5612,147.91404013786553,15.647159862134487,,BBB+,8.0,12.79487,Long (cheap+safe),7.823579931067243,-7.823579931067243
Ladder Capital Finance Holdings LLLP,505742AQ9,SPS717945595,4237798,133.12519,118.3545694618473,14.770620538152698,,BB+,11.0,2.73107,Long (cheap+safe),7.385310269076349,-7.385310269076349
Pacific Gas and Electric Company,694308JJ7,SPS672614175,4004218,156.78017,148.834168955318,7.946001044681992,0.14699392038597603,BBB+,8.0,13.87351,Long (cheap+safe),6.777987199733125,-1.168013844948867
"Warner Media, LLC",887317AL9,SPS129184239,4120680,266.18451,252.77578356817335,13.408726431826636,,BB,12.0,9.19055,Long (cheap+safe),6.704363215913318,-6.704363215913318
Jefferies Financial Group Inc.,472319AC6,SPS14559250,103464,152.61399,141.83221465718765,10.781775342812352,0.3941554534165877,BBB,9.0,7.04253,Trap (cheap+risky),6.5320797939303645,-4.249695548881988
PacifiCorp,695114CA4,SPS28602401,4001587,119.35275,111.8945348166631,7.458215183336904,0.1745590093962375,BBB+,8.0,7.4329,Trap (cheap+risky),6.1563165290696364,-1.301898654267268
"Nationwide Financial Services, Inc.",U63752AB2,SPS277593059,108270,158.82549,150.6591720769612,8.166317923038804,,BBB+,8.0,11.27098,Long (cheap+safe),4.083158961519402,-4.083158961519402
"Nationwide Financial Services, Inc.",638612AL5,SPS277592989,108270,158.82549,150.6591720769612,8.166317923038804,,BBB+,8.0,11.27098,Long (cheap+safe),4.083158961519402,-4.083158961519402
Southern California Edison Company,842400EZ2,SPS14172129,4009083,138.97831,134.17245757644534,4.805852423554654,0.16143408731704326,BBB+,8.0,7.20919,Long (cheap+safe),4.030024023777709,-0.775828399776946
Pacific Gas and Electric Company,694308LB1,SPS1983758881,4004218,174.00237,169.59846716479467,4.4039028352053435,0.14699392038597603,BBB+,8.0,13.29003,Long (cheap+safe),3.756555892459595,-0.6473469427457483
Global Payments Inc.,37940XAH5,SPS1758571575,4090258,122.39626,117.28896668864625,5.107293311353743,0.3268849532905372,BBB-,10.0,4.91963,Trap (cheap+risky),3.437795975830802,-1.6694973355229412
Verizon Communications Inc.,92346MAY7,SPS430326865,4057229,171.40973,168.21105626398864,3.198673736011358,0.10319396477344395,BBB+,8.0,12.06966,Long (cheap+safe),2.8685899111756616,-0.3300838248356964
"Indiana Gas Company, Inc.",45475QAH6,SPS14044868,4057125,52.24167,46.72691529114911,5.514754708850887,,BBB+,8.0,1.04565,Long (cheap+safe),2.7573773544254436,-2.7573773544254436
Jefferies Financial Group Inc.,47233WLP2,SPS1978548739,103464,118.30582,114.34030347599487,3.9655165240051247,0.3941554534165877,BBB,9.0,4.78769,Trap (cheap+risky),2.402486560454914,-1.5630299635502107
The Dayton Power and Light Company,240019BV0,SPS618234451,4017451,135.0632,133.0161051375004,2.0470948624995913,0.06321727071480847,BBB+,8.0,13.28692,Long (cheap+safe),1.917683112398061,-0.12941175010153028
Southern California Edison Company,842400EV1,SPS14157728,4009083,127.58207,126.00794749271716,1.574122507282837,0.16143408731704326,BBB+,8.0,6.81007,Long (cheap+safe),1.3200054769944165,-0.2541170302884206
Belo Corp.,080555AF2,SPS14046964,4121666,129.22694,126.87383796649056,2.353102033509458,,BB+,11.0,1.21005,Long (cheap+safe),1.176551016754729,-1.176551016754729
"Charter Communications Operating, LLC",161175CJ1,SPS1774063860,4137131,153.22718,150.94560051117963,2.2815794888203698,,BBB-,10.0,5.72667,Long (cheap+safe),1.1407897444101849,-1.1407897444101849
"ONEOK, Inc.",682680BF9,SPS666570504,4010846,171.9786,170.41084419289885,1.5677558071011504,,BBB,9.0,11.83921,Long (cheap+safe),0.7838779035505752,-0.7838779035505752
"Indiana Bell Telephone Company, Incorporated",454614AL2,SPS32213435,4057194,66.36078,64.88593485288617,1.4748451471138395,,BBB,9.0,0.20606,Long (cheap+safe),0.7374225735569198,-0.7374225735569198
Ford Motor Company,345370BH2,SPS14009291,113873,143.30575,142.6241437551721,0.6816062448278899,0.40014708018647954,BBB-,10.0,4.38685,Trap (cheap+risky),0.40886349612313905,-0.27274274870475085
Southern California Edison Company,842400EW9,SPS32224676,4009083,127.58207,127.14180635519669,0.44026364480330926,0.16143408731704326,BBB+,8.0,6.81007,Long (cheap+safe),0.36919008512561213,-0.07107355967769714
PacifiCorp,695114CU0,SPS604263577,4001587,60.54679,60.7668580590882,-0.2200680590881987,0.1745590093962375,BBB+,8.0,2.79757,Trap (cheap+risky),-0.1816531966940101,0.03841486239418863
Southern California Edison Company,842400FC2,SPS25628949,4009083,128.28351,128.66507506528788,-0.38156506528787304,0.16143408731704326,BBB+,8.0,7.24984,Long (cheap+safe),-0.31996745722105724,0.06159760806681581
Southern California Edison Company,842400FE8,SPS32224677,4009083,128.28351,128.66507506528788,-0.38156506528787304,0.16143408731704326,BBB+,8.0,7.24984,Long (cheap+safe),-0.31996745722105724,0.06159760806681581
Southern California Edison Company,842400ES8,SPS14151148,4009083,115.57206,116.23141559525112,-0.6593555952511281,0.16143408731704326,BBB+,8.0,5.96654,Long (cheap+safe),-0.5529131265143764,0.10644246873675164
"BellSouth, LLC",079860AD4,SPS14106681,4041154,102.68909,103.8513954214354,-1.1623054214354056,,BBB,9.0,4.46831,Long (cheap+safe),-0.5811527107177028,0.5811527107177028
Pacific Gas and Electric Company,694308JH1,SPS672614174,4004218,142.42264,143.1469101121107,-0.7242701121107018,0.14699392038597603,BBB+,8.0,10.44784,Long (cheap+safe),-0.6178068089131594,0.10646330319754244
Jefferies Financial Group Inc.,47233WKZ1,SPS1968256411,103464,132.4378,133.46590784782836,-1.0281078478283519,0.3941554534165877,BBB,9.0,7.2924,Trap (cheap+risky),-0.6228735329064158,0.4052343149219362
Weyerhaeuser Company,969133AK3,SPS14034378,4006248,58.39877,59.38483880933081,-0.9860688093308099,0.0801462687831106,BBB,9.0,0.08682,Long (cheap+safe),-0.9070390734995409,0.07902973583126892
"Dominion Energy, Inc.",209615BS1,SPS14049850,4001616,72.89133,74.35756783480018,-1.4662378348001823,0.2238540744162718,BBB,9.0,1.41504,Trap (cheap+risky),-1.138014521416869,0.3282233133833133
Appalachian Power Company,037735CY1,SPS660100799,4056972,133.38211,135.07831571658363,-1.69620571658362,0.13475221030713513,BBB+,8.0,14.00297,Long (cheap+safe),-1.467638247138379,0.2285674694452408
Oracle Corporation,68389XBW4,SPS661501797,4041363,201.4554,203.23645663714396,-1.781056637143962,0.04190351710339104,BBB,9.0,10.04073,Long (cheap+safe),-1.706424099887292,0.07463253725667014
Ford Motor Company,345370BV1,SPS14086369,113873,166.42076,170.37796938814049,-3.957209388140484,0.40014708018647954,BBB-,10.0,4.3698,Trap (cheap+risky),-2.3737436057895445,1.58346578235094
EQT Corporation,294549AE0,SPS14035183,4004341,111.05513,116.12679353318308,-5.07166353318307,,BBB-,10.0,0.12451,Long (cheap+safe),-2.535831766591535,2.535831766591535
Pacific Gas and Electric Company,694308KX4,SPS1945918943,4004218,125.15592,128.8218541739905,-3.665934173990493,0.14699392038597603,BBB+,8.0,6.93168,Long (cheap+safe),-3.1270641378787056,0.5388700361117873
"Tennessee Gas Pipeline Company, L.L.C.",880451AV1,SPS14061277,4057165,36.90818,43.53102378413323,-6.622843784133231,,BBB+,8.0,2.17008,Long (cheap+safe),-3.3114218920666154,3.3114218920666154
Norfolk Southern Railway Company,655855FB5,SPS14165866,4073968,140.0651,146.97388101194215,-6.908781011942153,,BBB+,8.0,9.98986,Long (cheap+safe),-3.4543905059710767,3.4543905059710767
Southern California Edison Company,842400FA6,SPS14179241,4009083,124.24942,128.5629500799928,-4.313530079992788,0.16143408731704326,BBB+,8.0,6.98431,Long (cheap+safe),-3.6171792884145395,0.6963507915782483
"Corebridge Financial, Inc.",21871XAJ8,SPS1776486439,102701,136.78346,141.41739848695954,-4.633938486959551,0.21802337052922702,BBB+,8.0,10.76609,Trap (cheap+risky),-3.6236315992075228,1.0103068877520278
"Corebridge Financial, Inc.",U20256AE0,SPS1776484761,102701,136.78346,141.41739848695954,-4.633938486959551,0.21802337052922702,BBB+,8.0,10.76609,Trap (cheap+risky),-3.6236315992075228,1.0103068877520278
"System Energy Resources, Inc.",871911AV5,SPS1911496458,4056971,101.32008,105.13657482681529,-3.816494826815287,0.04482202231589526,BBB+,8.0,6.63945,Long (cheap+safe),-3.6454318105192733,0.1710630162960136
Belo Corp.,080555AE5,SPS14043892,4121666,129.87021,138.4708416702083,-8.600631670208315,,BB+,11.0,0.92593,Long (cheap+safe),-4.300315835104158,4.300315835104158
HP Inc.,40434LAN5,SPS1785965139,105223,85.79589,93.31893233357631,-7.5230423335763135,0.33095069703354574,BBB,9.0,5.40835,Trap (cheap+risky),-5.03328622946636,2.4897561041099534
Southern California Edison Company,842400HZ9,SPS1867801573,4009083,111.65782,117.749187340224,-6.0913673402239965,0.16143408731704326,BBB+,8.0,6.29979,Long (cheap+safe),-5.108013013142091,0.9833543270819062
"BellSouth, LLC",079857AH1,SPS14081146,4041154,105.11591,115.81913667809387,-10.70322667809387,,BBB,9.0,3.16146,Hold (rich+safe),-5.351613339046935,5.351613339046935
Southern California Edison Company,842400FG3,SPS32224678,4009083,124.82993,131.38890273021045,-6.558972730210442,0.16143408731704326,BBB+,8.0,7.77661,Long (cheap+safe),-5.500130953771544,1.0588417764388982
"Colorado Interstate Gas Company, L.L.C.",196522AE6,SPS14044297,4057158,132.05808,143.20399889883925,-11.145918898839255,,BBB+,8.0,7.63424,Hold (rich+safe),-5.572959449419628,5.572959449419628
Southern California Edison Company,842400FF5,SPS30510143,4009083,124.82993,131.80778209942545,-6.977852099425448,0.16143408731704326,BBB+,8.0,7.77661,Long (cheap+safe),-5.851388914321387,1.1264631851040614
PacifiCorp,695114BX5,SPS14165434,4001587,114.06883,121.39717971318784,-7.3283497131878335,0.1745590093962375,BBB+,8.0,6.37327,Trap (cheap+risky),-6.049120246744565,1.2792294664432695
Norfolk Southern Corporation,655844BW7,SPS542231141,4021829,115.23959,122.9862950077596,-7.746705007759587,0.09546561367080812,BBB+,8.0,13.20766,Long (cheap+safe),-7.007161060267096,0.7395439474924914
Norfolk Southern Corporation,U65584AF8,SPS542273153,4021829,115.23959,122.9862950077596,-7.746705007759587,0.09546561367080812,BBB+,8.0,13.20766,Long (cheap+safe),-7.007161060267096,0.7395439474924914
Jefferies Financial Group Inc.,47233WLS6,SPS1981558673,103464,106.54846,118.57133399019312,-12.02287399019312,0.3941554534165877,BBB,9.0,4.83943,Short (rich+risky),-7.2839926412180525,4.738881348975068
Pacific Gas and Electric Company,694308KG1,SPS1786038272,4004218,100.99886,109.60185961322416,-8.60299961322417,0.14699392038597603,BBB+,8.0,4.92875,Long (cheap+safe),-7.338410972997314,1.2645886402268562
Pacific Gas and Electric Company,694308KR7,SPS1872777035,4004218,115.71635,124.5005340250026,-8.784184025002588,0.14699392038597603,BBB+,8.0,6.32151,Long (cheap+safe),-7.492962377775595,1.2912216472269928
Apollo Debt Solutions BDC,03770DAK9,SPS1974799806,27739734,191.25097,206.576311246058,-15.325341246058002,,BBB-,10.0,3.65711,Hold (rich+safe),-7.662670623029001,7.662670623029001
Connecticut Natural Gas Corporation,20765QAH8,SPS14548092,4059402,121.89866,130.53274757713382,-8.634087577133812,0.03741121059146123,BBB+,8.0,7.08986,Long (cheap+safe),-8.31107590852054,0.3230116686132723
"Duke Energy Kentucky, Inc.",906888AS1,SPS26281773,4057103,103.45939,112.8491311906233,-9.389741190623297,0.09539074637209442,BBB+,8.0,7.26803,Hold (rich+safe),-8.494046770208943,0.8956944204143549
Pacific Gas and Electric Company,694308KU0,SPS1932376728,4004218,123.30166,133.3209861419743,-10.01932614197429,0.14699392038597603,BBB+,8.0,6.74358,Hold (rich+safe),-8.546546112739792,1.472780029234497
"Tennessee Gas Pipeline Company, L.L.C.",880451AU3,SPS14041045,4057165,114.08903,131.81307637551834,-17.72404637551834,,BBB+,8.0,7.55347,Hold (rich+safe),-8.86202318775917,8.86202318775917
"Public Service Company of North Carolina, Incorporated",744516AB1,SPS14038977,4057139,72.20301,81.4528949289151,-9.249884928915094,0.036966216334534736,BBB+,8.0,0.51429,Hold (rich+safe),-8.907951681563265,0.34193324735182784
El Paso LLC,28336LBB4,SPS28969902,4010586,35.3872,53.32210771388873,-17.934907713888727,,BBB+,8.0,0.67976,Hold (rich+safe),-8.967453856944363,8.967453856944363
"NextEra Energy Capital Holdings, Inc.",65339KCP3,SPS1824929512,4065678,67.05962,86.02686852064352,-18.967248520643523,,BBB+,8.0,5.60335,Hold (rich+safe),-9.483624260321761,9.483624260321761
CSX Corporation,126408AU7,SPS14042856,4004350,36.32131,48.30723424016165,-11.985924240161651,0.18783363944668735,BBB+,8.0,0.88348,Short (rich+risky),-9.73456446799982,2.2513597721618335
APA Corporation,U0379QAE2,SPS1912144050,4010203,91.50279,111.74911752336659,-20.24632752336659,,BBB-,10.0,3.00769,Hold (rich+safe),-10.123163761683294,10.123163761683294
CSX Corporation,126408AY9,SPS64219206,4004350,36.32131,48.86025177582074,-12.538941775820746,0.18783363944668735,BBB+,8.0,0.88348,Short (rich+risky),-10.183706707258226,2.3552350685625196
El Paso LLC,U53248AP2,SPS227398570,4010586,147.56282,168.32612458179125,-20.76330458179126,,BBB+,8.0,7.41046,Hold (rich+safe),-10.38165229089563,10.38165229089563
El Paso LLC,28336LBG3,SPS28714186,4010586,147.56282,168.32612458179125,-20.76330458179126,,BBB+,8.0,7.41046,Hold (rich+safe),-10.38165229089563,10.38165229089563
"NextEra Energy Capital Holdings, Inc.",65339KCM0,SPS1824929509,4065678,30.86897,52.00362475076461,-21.134654750764607,,BBB+,8.0,1.64562,Hold (rich+safe),-10.567327375382304,10.567327375382304
Verizon Communications Inc.,92346MGE5,SPS430326183,4057229,146.17017,158.25226981489325,-12.08209981489324,0.10319396477344395,BBB+,8.0,13.7548,Hold (rich+safe),-10.835300032205915,1.2467997826873267
"Tennessee Gas Pipeline Company, L.L.C.",880451AS8,SPS14041043,4057165,15.73126,37.45616531082452,-21.724905310824518,,BBB+,8.0,0.76156,Hold (rich+safe),-10.862452655412259,10.862452655412259
"Southwest Gas Holdings, Inc.",844895AL6,SPS14035364,4884928,51.72505,63.30817362552701,-11.583123625527008,0.062117940504267,BBB+,8.0,0.16818,Hold (rich+safe),-10.863603841302952,0.7195197842240562
"Southwest Gas Holdings, Inc.",844895AM4,SPS14076651,4884928,51.72505,63.512156391639785,-11.787106391639782,0.062117940504267,BBB+,8.0,0.16818,Hold (rich+safe),-11.054915618086437,0.7321907735533453
Southern California Edison Company,842400JG9,SPS1915273746,4009083,117.91386,131.2373839277559,-13.3235239277559,0.16143408731704326,BBB+,8.0,6.79725,Hold (rich+safe),-11.17265300263184,2.150870925124061
Verizon Pennsylvania LLC,078167BA0,SPS14002123,4381427,85.65588,108.71093937929867,-23.05505937929867,,BBB+,8.0,4.17773,Hold (rich+safe),-11.527529689649334,11.527529689649334
El Paso LLC,28336LBH1,SPS28969935,4010586,147.56282,171.11065400958188,-23.54783400958189,,BBB+,8.0,7.41046,Hold (rich+safe),-11.773917004790945,11.773917004790945
"NextEra Energy Capital Holdings, Inc.",65339KBW9,SPS717055991,4065678,25.61311,49.802499346646094,-24.189389346646095,,BBB+,8.0,1.95278,Hold (rich+safe),-12.094694673323048,12.094694673323048
Citigroup Inc.,172967NU1,SPS1783829058,4041896,89.57052,102.80913439049489,-13.238614390494888,0.0856521308754484,BBB+,8.0,5.83701,Hold (rich+safe),-12.104698858110625,1.1339155323842627
RTX Corporation,U7532YAM6,SPS669021934,4001600,115.66626,128.67046039494787,-13.004200394947873,0.06598256922787993,BBB+,8.0,8.19389,Hold (rich+safe),-12.146149842135001,0.8580505528128715
"NextEra Energy Capital Holdings, Inc.",65339KBR0,SPS666803624,4065678,52.48176,76.86128059435475,-24.37952059435475,,BBB+,8.0,3.71025,Hold (rich+safe),-12.189760297177376,12.189760297177376
"NextEra Energy Capital Holdings, Inc.",65339KBJ8,SPS607925173,4065678,32.20017,56.65974708012098,-24.45957708012098,,BBB+,8.0,2.65106,Hold (rich+safe),-12.22978854006049,12.22978854006049
AEP Texas Inc.,00108WAQ3,SPS1783388206,4056935,140.95622,157.2249194834459,-16.268699483445886,0.24701120012320144,BBB+,8.0,13.41435,Short (rich+risky),-12.25014849959621,4.018550983849676
"NextEra Energy Capital Holdings, Inc.",65339KBZ2,SPS1760991694,4065678,62.70425,87.29727850290871,-24.59302850290871,,BBB+,8.0,5.08997,Hold (rich+safe),-12.296514251454354,12.296514251454354
Verizon Maryland Inc.,92344WAB7,SPS14139676,4057233,81.85523,107.2705841152918,-25.41535411529179,,BBB+,8.0,5.72232,Hold (rich+safe),-12.707677057645896,12.707677057645896
Verizon Communications Inc.,362320BA0,SPS14055470,4057229,36.78963,51.00114949518608,-14.211519495186074,0.10319396477344395,BBB+,8.0,1.74207,Hold (rich+safe),-12.744976453022732,1.4665430421633436
Citigroup Inc.,172967NN7,SPS1774231253,4041896,88.10658,102.086312657481,-13.979732657481009,0.0856521308754484,BBB+,8.0,5.82938,Hold (rich+safe),-12.782338766298665,1.1973938911823434
PacifiCorp,U69458AA2,SPS64621708,4001587,116.78415,132.55451481964164,-15.770364819641642,0.1745590093962375,BBB+,8.0,7.43677,Short (rich+risky),-13.017505558907724,2.752859260733919
"Delhaize America, Inc.",246688AF2,SPS14109516,4054848,84.63238,110.66911463487473,-26.036734634874733,,BBB+,8.0,3.98855,Hold (rich+safe),-13.018367317437367,13.018367317437367
"Kinder Morgan, Inc.",482620AS0,SPS14048016,4275772,45.25195,71.59720450473561,-26.345254504735614,,BBB+,8.0,1.34392,Hold (rich+safe),-13.172627252367807,13.172627252367807
Norfolk Southern Corporation,655844CL0,SPS1677747918,4021829,111.84732,126.67974084452635,-14.832420844526354,0.09546561367080812,BBB+,8.0,15.22629,Hold (rich+safe),-13.41643468637996,1.4159861581463944
"NextEra Energy Capital Holdings, Inc.",65339KCL2,SPS1800633131,4065678,18.01935,45.19708203941968,-27.177732039419684,,BBB+,8.0,1.19559,Hold (rich+safe),-13.588866019709842,13.588866019709842
Public Service Company of Oklahoma,744533BP4,SPS1677250893,4057023,125.83054,140.515923600838,-14.685383600837994,0.05707313913511989,BBB+,8.0,14.7846,Hold (rich+safe),-13.847242659334759,0.8381409415032348
Unum Group,91529YAD8,SPS14118645,103324,131.35124,146.15464710655118,-14.803407106551191,0.04320992781801838,BBB,9.0,4.75703,Hold (rich+safe),-14.163752954016374,0.6396541525348173
Verizon New Jersey Inc.,645767AW4,SPS14014582,4057235,66.55267,95.31609600835283,-28.763426008352823,,BBB+,8.0,3.0345,Hold (rich+safe),-14.381713004176412,14.381713004176412
"Delhaize America, Inc.",U24627AB4,SPS64348525,4054848,84.63238,113.7353056641448,-29.102925664144806,,BBB+,8.0,3.98855,Hold (rich+safe),-14.551462832072403,14.551462832072403
Pacific Gas and Electric Company,694308LA3,SPS1983758907,4004218,119.93875,137.08705905471365,-17.14830905471365,0.14699392038597603,BBB+,8.0,7.52691,Hold (rich+safe),-14.62761187877096,2.52069717594269
Citigroup Inc.,172967PA3,SPS1814836101,4041896,93.00828,109.18043760079159,-16.172157600791593,0.0856521308754484,BBB+,8.0,5.95705,Hold (rich+safe),-14.786977841430213,1.385179759361379
"BellSouth Telecommunications, LLC",079867AP2,SPS14027259,4004438,236.03025,265.98172668136533,-29.951476681365335,,BBB,9.0,14.07675,Hold (rich+safe),-14.975738340682668,14.975738340682668
Southern California Edison Company,842400GU1,SPS657381181,4009083,73.87649,91.94296061466972,-18.06647061466971,0.16143408731704326,BBB+,8.0,3.70511,Hold (rich+safe),-15.149926419950326,2.9165441947193864
Weyerhaeuser Company,962166AW4,SPS14047416,4006248,42.68506,59.39505554401383,-16.70999554401383,0.0801462687831106,BBB,9.0,1.26097,Hold (rich+safe),-15.370751749778716,1.3392437942351128
Southern California Edison Company,842400JC8,SPS1872828499,4009083,60.91565,79.84830600670323,-18.932656006703226,0.16143408731704326,BBB+,8.0,2.69007,Hold (rich+safe),-15.876279963773554,3.056376042929672
Southern California Edison Company,842400JJ3,SPS1934881041,4009083,73.43259,92.36718795296369,-18.934597952963685,0.16143408731704326,BBB+,8.0,3.37378,Hold (rich+safe),-15.877908413711838,3.056689539251848
Pacific Gas and Electric Company,694308KY2,SPS1961942870,4004218,93.85928,112.89933669218412,-19.040056692184123,0.14699392038597603,BBB+,8.0,5.357,Hold (rich+safe),-16.24128411462874,2.798772577555383
Duke Energy Corporation,26441CCA1,SPS1854810425,4121470,141.89794,167.48755976035102,-25.589619760351013,0.3503455303635422,BBB,9.0,13.15353,Short (rich+risky),-16.624410853609458,8.965208906741555
Southern California Edison Company,842400GS6,SPS631713038,4009083,61.68278,81.53327701228326,-19.850497012283263,0.16143408731704326,BBB+,8.0,2.95162,Hold (rich+safe),-16.64595014431562,3.2045468679676428
Verizon New York Inc.,650094CJ2,SPS14054885,4057236,54.60861,88.13801765205578,-33.52940765205578,,BBB+,8.0,1.74558,Hold (rich+safe),-16.76470382602789,16.76470382602789
PacifiCorp,695114DH8,SPS1982574572,4001587,51.88587,72.75898707777077,-20.87311707777077,0.1745590093962375,BBB+,8.0,2.57058,Short (rich+risky),-17.22952643766342,3.6435906401073535
Ford Motor Company,345370BT6,SPS14052708,113873,82.88461,111.8278627947084,-28.9432527947084,0.40014708018647954,BBB-,10.0,1.5788,Short (rich+risky),-17.361694697806673,11.58155809690173
"AEP Transmission Company, LLC",00115AAN9,SPS1675968448,4341449,109.51549,131.2783410567994,-21.762851056799406,0.1976666389916831,BBB+,8.0,15.40769,Short (rich+risky),-17.461061433525266,4.3017896232741375
"NextEra Energy Capital Holdings, Inc.",65339KCN8,SPS1824929511,4065678,44.33785,79.74853873322299,-35.41068873322298,,BBB+,8.0,3.35292,Hold (rich+safe),-17.70534436661149,17.70534436661149
Wells Fargo & Company,95000U3B7,SPS426358692,100382,89.8532,108.49590625526521,-18.64270625526521,0.04862392053470909,BBB+,8.0,5.86311,Hold (rich+safe),-17.73622478775727,0.9064814675079397
"ONEOK, Inc.",682680BE2,SPS666570566,4010846,75.33124,110.86995165129711,-35.53871165129712,,BBB,9.0,3.91501,Hold (rich+safe),-17.76935582564856,17.76935582564856
Tampa Electric Company,875127BG6,SPS630376931,3010781,118.85268,138.46082990132132,-19.608149901321312,0.08983935951827728,BBB+,8.0,13.95341,Hold (rich+safe),-17.846566272848232,1.7615836284730784
"ONEOK, Inc.",682680AB9,SPS14060951,4010846,55.84375,92.01526219566406,-36.171512195664064,,BBB,9.0,2.12951,Hold (rich+safe),-18.085756097832032,18.085756097832032
Qwest Corporation,668027AT2,SPS14015047,4057217,360.3573,379.5059388574349,-19.14863885743489,0.04366394997594337,B,15.0,3.3058,Hold (rich+safe),-18.312533648256448,0.8361052091784423
"Healthcare Realty Holdings, L.P.",42225UAG9,SPS635849717,4345132,67.51938,104.19387918822326,-36.674499188223265,,BBB,9.0,3.41252,Hold (rich+safe),-18.337249594111633,18.337249594111633
Verizon New Jersey Inc.,645767BC7,SPS14140081,4057235,66.23455,103.1257527019526,-36.89120270195261,,BBB+,8.0,3.03457,Hold (rich+safe),-18.445601350976304,18.445601350976304
Citigroup Inc.,17327CAQ6,SPS1764851411,4041896,81.08126,101.3007330664301,-20.219473066430098,0.0856521308754484,BBB+,8.0,5.81472,Hold (rich+safe),-18.487632113111623,1.7318409533184747
Southern California Edison Company,842400HT3,SPS1814214976,4009083,94.74372,117.01568702539191,-22.271967025391916,0.16143408731704326,BBB+,8.0,5.29416,Hold (rich+safe),-18.67651235589249,3.5954546694994267
Virginia Electric and Power Company,927804FG4,SPS50031609,4057032,98.6009,122.42280435621807,-23.82190435621807,0.2130930740551615,BBB+,8.0,8.16989,Short (rich+risky),-18.745621527103516,5.076282829114552
"The Goldman Sachs Group, Inc.",38141GYC2,SPS711443140,4039450,116.08109,136.3306603233654,-20.249570323365404,0.05389405180937698,BBB+,8.0,11.5924,Hold (rich+safe),-19.158238931240327,1.0913313921250776
Wells Fargo & Company,95000U2U6,SPS426358685,100382,81.71468,102.086312657481,-20.371632657481,0.04862392053470909,BBB+,8.0,5.86403,Hold (rich+safe),-19.38108400998136,0.9905486474996408
"NextEra Energy Capital Holdings, Inc.",65339KCQ1,SPS1824929510,4065678,136.45156,175.31658725583202,-38.86502725583202,,BBB+,8.0,13.46732,Hold (rich+safe),-19.43251362791601,19.43251362791601
Raytheon Company,755111AF8,SPS14045686,4020418,5.98742,45.451740453971745,-39.464320453971744,,BBB+,8.0,1.13675,Hold (rich+safe),-19.732160226985872,19.732160226985872
Southern California Edison Company,842400JL8,SPS1985742619,4009083,93.93003,117.53339303163685,-23.603363031636846,0.16143408731704326,BBB+,8.0,5.65268,Hold (rich+safe),-19.792975663011713,3.8103873686251335
Extra Space Storage LP,30225VAG2,SPS1681216404,4383065,79.50421,119.1302480033438,-39.626038003343794,,BBB+,8.0,5.25873,Hold (rich+safe),-19.813019001671897,19.813019001671897
"Delhaize America, Inc.",246688AB1,SPS14096250,4054848,84.63238,124.55309538720009,-39.92071538720009,,BBB+,8.0,3.98855,Hold (rich+safe),-19.960357693600045,19.960357693600045
Southern California Edison Company,842400GQ0,SPS606122901,4009083,55.72874,80.04242440272317,-24.31368440272317,0.16143408731704326,BBB+,8.0,2.54392,Hold (rich+safe),-20.388626951854924,3.9250574508682448
Pacific Gas and Electric Company,694308JM0,SPS673519732,4004218,77.41668,101.3569917819936,-23.9403117819936,0.14699392038597603,BBB+,8.0,3.61535,Hold (rich+safe),-20.42123149789579,3.5190802840978113
Verizon New England Inc.,644239AY1,SPS14014557,4057234,51.49313,92.7800799094717,-41.286949909471694,,BBB+,8.0,3.0369,Hold (rich+safe),-20.643474954735847,20.643474954735847
"NextEra Energy Capital Holdings, Inc.",65339KAT7,SPS428742841,4065678,11.36026,52.713459481404065,-41.35319948140406,,BBB+,8.0,0.89444,Hold (rich+safe),-20.67659974070203,20.67659974070203
Verizon New York Inc.,92344XAB5,SPS14114721,4057236,66.63256,109.02239900917291,-42.38983900917292,,BBB+,8.0,4.74998,Hold (rich+safe),-21.19491950458646,21.19491950458646
"American Homes 4 Rent, L.P.",02666TAG2,SPS1869214330,4413987,100.26974,123.03152618349418,-22.76178618349418,0.05892554495198088,BBB,9.0,6.10156,Hold (rich+safe),-21.420535528551316,1.3412506549428636
"Brighthouse Financial, Inc.",10922NAB9,SPS434448530,6588911,84.05408,116.1534132596625,-32.0993332596625,0.3142042971450216,BBB,9.0,1.01127,Short (rich+risky),-22.01358481398643,10.085748445676073
Verizon Maryland Inc.,165069AP0,SPS14003419,4057233,54.94131,99.88894907189353,-44.94763907189353,,BBB+,8.0,2.95057,Hold (rich+safe),-22.473819535946767,22.473819535946767
"NextEra Energy Capital Holdings, Inc.",65339KDC1,SPS1885042845,4065678,23.84303,68.89665683497849,-45.05362683497849,,BBB,9.0,2.69684,Hold (rich+safe),-22.526813417489244,22.526813417489244
Pacific Gas and Electric Company,694308KL0,SPS1840069904,4004218,63.18309,89.62077583587772,-26.437685835877723,0.14699392038597603,BBB+,8.0,2.36171,Hold (rich+safe),-22.551506748929267,3.8861790869484563
Ameren Corporation,171794AF7,SPS14080441,4007308,110.76264,137.1118229217188,-26.349182921718807,0.13994501421889138,BBB,9.0,2.89411,Hold (rich+safe),-22.6617461430827,3.6874367786361084
Southern California Edison Company,842400JE4,SPS1880363871,4009083,82.84926,110.28130745715208,-27.43204745715208,0.16143408731704326,BBB+,8.0,4.23306,Hold (rich+safe),-23.00357991266892,4.428467544483164
"CenterPoint Energy, Inc.",15189TAX5,SPS632958506,4074390,64.00766,101.23608552542242,-37.22842552542242,0.380316875748134,BBB,9.0,3.46589,Short (rich+risky),-23.069827040571685,14.15859848485074
"Duke Energy Indiana, LLC",693627AY7,SPS14551614,4062444,91.16243,121.01925325412576,-29.856823254125757,0.22384765320810313,BBB+,8.0,7.11207,Short (rich+risky),-23.173443436440586,6.6833798176851715
Equifax Inc.,294429AC9,SPS14057890,4040823,70.43398,95.73789482108678,-25.303914821086778,0.08390438488452179,BBB,9.0,1.88552,Hold (rich+safe),-23.180805412853157,2.12310940823362
Southern California Edison Company,842400HS5,SPS1814214977,4009083,48.70689,76.72496595906492,-28.018075959064916,0.16143408731704326,BBB+,8.0,1.34888,Hold (rich+safe),-23.49500343823368,4.523072520831236
Pacific Gas and Electric Company,694308KB2,SPS1771741932,4004218,59.80224,87.50007390546288,-27.697833905462886,0.14699392038597603,BBB+,8.0,2.5433,Hold (rich+safe),-23.626420713499286,4.071413191963599
"MidAmerican Funding, LLC",59562HAJ7,SPS14082915,4081927,63.72345,92.88131654237229,-29.15786654237229,0.18303834347199832,BBB+,8.0,2.46395,Short (rich+risky),-23.82085895127886,5.337007591093427
The Allstate Corporation,020002AT8,SPS26465134,103247,91.29167,116.25141866174677,-24.959748661746772,0.03647928123319441,BBB+,8.0,7.39216,Hold (rich+safe),-24.049234970805063,0.9105136909417083
Southern California Edison Company,842400HU0,SPS1827629925,4009083,49.85921,78.59212700188142,-28.732917001881425,0.16143408731704326,BBB+,8.0,1.6415,Hold (rich+safe),-24.094444769726344,4.638472232155083
Verizon Pennsylvania LLC,07786DAA4,SPS14063430,4381427,28.44571,77.05100391674964,-48.60529391674964,,BBB+,8.0,2.25032,Hold (rich+safe),-24.30264695837482,24.30264695837482
Pacific Gas and Electric Company,694308JT5,SPS705892846,4004218,82.60765,111.12450579665517,-28.516855796655165,0.14699392038597603,BBB+,8.0,4.45123,Hold (rich+safe),-24.325051366023278,4.191804430631889
Pacific Gas and Electric Company,694308JG3,SPS672609677,4004218,80.84539,109.96260921640142,-29.117219216401423,0.14699392038597603,BBB+,8.0,4.27631,Hold (rich+safe),-24.8371650130447,4.280054203356722
"Duke Energy Florida, LLC",341099BT5,SPS14171999,4056998,7.65894,38.93290518452348,-31.273965184523476,0.20068718677391542,BBB+,8.0,1.54594,Short (rich+risky),-24.997681092376087,6.2762840921473915
Southern California Edison Company,842400HM8,SPS1763903340,4009083,79.79502,109.72024605209498,-29.925226052094985,0.16143408731704326,BBB+,8.0,5.08284,Hold (rich+safe),-25.094274496618826,4.830951555476159
Pacific Gas and Electric Company,694308KQ9,SPS1872777034,4004218,57.02377,86.70447944068398,-29.680709440683984,0.14699392038597603,BBB+,8.0,2.70413,Hold (rich+safe),-25.317825600160795,4.362883840523189
GE HealthCare Technologies Inc.,36267VAL7,SPS1814830566,108009705,133.68877,168.9653814088095,-35.27661140880949,0.2818475411284807,BBB,9.0,13.08948,Short (rich+risky),-25.333985223891624,9.942626184917863
"NextEra Energy Capital Holdings, Inc.",65339KCA6,SPS1760991695,4065678,128.76476,179.69894625529042,-50.93418625529043,,BBB+,8.0,14.97515,Hold (rich+safe),-25.467093127645214,25.467093127645214
"Nordstrom, Inc.",655664AH3,SPS14053808,4053619,121.09057,173.07529060945845,-51.98472060945845,,BB+,11.0,1.65277,Hold (rich+safe),-25.992360304729225,25.992360304729225
"Texas Gas Transmission, LLC",882440AN0,SPS14044702,4057167,64.59541,116.68337453268114,-52.08796453268114,,BBB,9.0,1.05165,Hold (rich+safe),-26.04398226634057,26.04398226634057
"Duke Energy Florida, LLC",341099BW8,SPS32210158,4056998,7.65894,40.2427068973601,-32.5837668973601,0.20068718677391542,BBB+,8.0,1.54594,Short (rich+risky),-26.04462238423187,6.539144513128229
Southern California Edison Company,842400GJ6,SPS554457255,4009083,49.58854,80.68832123614231,-31.099781236142313,0.16143408731704326,BBB+,8.0,1.66291,Hold (rich+safe),-26.07921643652597,5.020564799616341
Federal Realty OP LP,313747AF4,SPS14035725,101479324,45.0535,98.02048991407716,-52.96698991407716,,BBB+,8.0,0.2063,Hold (rich+safe),-26.48349495703858,26.48349495703858
Invitation Homes Operating Partnership LP,46188BAC6,SPS1686799318,4887375,103.57963,156.96055506493863,-53.38092506493864,,BBB,9.0,6.60844,Hold (rich+safe),-26.69046253246932,26.69046253246932
"CenterPoint Energy, Inc.",15189TAY3,SPS632958507,4074390,152.64685,195.8714185000291,-43.22456850002911,0.380316875748134,BBB,9.0,13.55677,Short (rich+risky),-26.78553565253683,16.439032847492278
Southern California Edison Company,842400JF1,SPS1893299773,4009083,46.15,78.10307226958054,-31.953072269580538,0.16143408731704326,BBB+,8.0,0.26329,Hold (rich+safe),-26.79475721076528,5.158315058815258
CSX Corporation,126408HV8,SPS1792811561,4004350,108.04994,141.09051032275562,-33.04057032275561,0.18783363944668735,BBB+,8.0,14.27843,Short (rich+risky),-26.834439749638218,6.206130573117396
"The Williams Companies, Inc.",969457BB5,SPS14100527,4011165,55.25137,109.12388708015732,-53.872517080157316,,BBB+,8.0,3.84562,Hold (rich+safe),-26.936258540078658,26.936258540078658
"Duke Energy Ohio, Inc.",172070CQ5,SPS14139775,4057079,95.26533,124.7914456744751,-29.526115674475093,0.0874106733625186,BBB+,8.0,5.67478,Hold (rich+safe),-26.94521802158961,2.5808976528854832
Pacific Gas and Electric Company,694308JF5,SPS672614173,4004218,40.51472,72.70410909064263,-32.189389090642635,0.14699392038597603,BBB+,8.0,1.13051,Hold (rich+safe),-27.457744593379505,4.731644497263129
"Healthcare Realty Holdings, L.P.",42225UAQ7,SPS1792655508,4345132,55.07721,110.36477838369544,-55.28756838369544,,BBB,9.0,1.53771,Hold (rich+safe),-27.64378419184772,27.64378419184772
"Sabine Pass Liquefaction, LLC",785592AZ9,SPS1849002116,4368513,76.25339,131.9630342931633,-55.70964429316331,,BBB+,8.0,5.12024,Hold (rich+safe),-27.854822146581654,27.854822146581654
Northrop Grumman Systems Corporation,872649BH0,SPS14078224,4312710,58.85792,114.59307508696514,-55.73515508696514,,BBB+,8.0,2.59461,Hold (rich+safe),-27.86757754348257,27.86757754348257
Pacific Gas and Electric Company,694308JK4,SPS673519730,4004218,48.62063,81.38299363307179,-32.76236363307179,0.14699392038597603,BBB+,8.0,1.95166,Hold (rich+safe),-27.946495361535643,4.815868271536152
"Duke Energy Ohio, Inc.",172070CP7,SPS14139774,4057079,84.80149,116.45016341430252,-31.64867341430252,0.0874106733625186,BBB+,8.0,5.67872,Hold (rich+safe),-28.8822415601279,2.7664318541746242
Blue Owl Finance LLC,09581JAK2,SPS1837977799,29164958,108.92218,167.63459887608187,-58.71241887608187,,BBB,9.0,1.84079,Hold (rich+safe),-29.356209438040935,29.356209438040935
Blue Owl Finance LLC,09581JAJ5,SPS1837977804,29164958,108.92218,167.63459887608187,-58.71241887608187,,BBB,9.0,1.84079,Hold (rich+safe),-29.356209438040935,29.356209438040935
Blue Owl Finance LLC,U0942JAE6,SPS1837977662,29164958,108.92218,167.63459887608187,-58.71241887608187,,BBB,9.0,1.84079,Hold (rich+safe),-29.356209438040935,29.356209438040935
Blue Owl Credit Income Corp.,69120VBB6,SPS1879069869,25867257,179.00849,237.76165925206544,-58.75316925206545,,BBB-,10.0,1.80513,Hold (rich+safe),-29.376584626032724,29.376584626032724
Southern California Edison Company,842400HQ9,SPS1783883637,4009083,41.02443,76.06079332205366,-35.03636332205365,0.16143408731704326,BBB+,8.0,0.9498,Hold (rich+safe),-29.380299986249593,5.6560633358040615
Southern California Edison Company,842400JA2,SPS1867801574,4009083,44.21178,79.54358617299249,-35.33180617299249,0.16143408731704326,BBB+,8.0,0.64556,Hold (rich+safe),-29.628048290192776,5.703757882799718
"The Goldman Sachs Group, Inc.",38148YAA6,SPS541441374,4039450,104.2415,136.42446222436604,-32.18296222436604,0.05389405180937698,BBB+,8.0,9.40385,Hold (rich+safe),-30.44849199086683,1.7344702334992055
Exelon Corporation,30161NBU4,SPS1972368330,4057056,34.12679,80.23934925173121,-46.11255925173121,0.3341767358520129,BBB+,8.0,2.61552,Short (rich+risky),-30.702814719205136,15.409744532526075
"The Goldman Sachs Group, Inc.",38151FPJ6,SPS1865366037,4039450,110.55563,143.16106751922413,-32.60543751922414,0.05389405180937698,BBB+,8.0,7.1492,Hold (rich+safe),-30.848198380295667,1.7572391389284698
Verizon Communications Inc.,92343VGL2,SPS1680021299,4057229,113.04604,148.23709204103505,-35.19105204103505,0.10319396477344395,BBB+,8.0,11.41443,Hold (rich+safe),-31.55954785637205,3.6315041846630036
Historic TW Inc.,887315BM0,SPS14056627,4004176,283.03638,348.75161801880125,-65.71523801880124,,BB,12.0,1.47643,Hold (rich+safe),-32.85761900940062,32.85761900940062
Yorkshire Power Finance Limited,G9856LAA0,SPS31503304,4279540,69.08815,103.29739036602598,-34.20924036602598,0.025877531958252136,BBB+,8.0,1.88533,Hold (rich+safe),-33.323989655186615,0.8852507108393664
Jersey Central Power & Light Company,476556CV5,SPS64629873,4057004,92.63515,127.82565705991341,-35.190507059913415,0.04789385071532796,BBB+,8.0,7.82741,Hold (rich+safe),-33.50509816818923,1.6854088917241876
"Kinder Morgan, Inc.",482620AW1,SPS14053446,4275772,7.55057,75.08875133498638,-67.53818133498639,,BBB+,8.0,1.62175,Hold (rich+safe),-33.769090667493195,33.769090667493195
Pacific Gas and Electric Company,694308KW6,SPS1945918942,4004218,47.42852,87.9963543801594,-40.567834380159404,0.14699392038597603,BBB+,8.0,1.85218,Hold (rich+safe),-34.60460936305079,5.963225017108613
"Lowe's Companies, Inc.",548661EE3,SPS1681217101,4004318,110.2887,149.71385172139324,-39.425151721393235,0.08154519581087558,BBB+,8.0,11.49054,Hold (rich+safe),-36.21022000439874,3.2149317169944895
"Hasbro, Inc.",418056AH0,SPS14058449,4095387,46.88357,101.49802234624248,-54.61445234624248,0.3235343945107754,BBB,9.0,1.93195,Short (rich+risky),-36.94479857486333,17.66965377137916
Pacific Gas and Electric Company,694308KF3,SPS1786038271,4004218,34.2981,78.10974399317448,-43.81164399317448,0.14699392038597603,BBB+,8.0,0.98326,Hold (rich+safe),-37.371598684063066,6.440045309111414
Cincinnati Financial Corporation,172062AC5,SPS14056539,103262,80.49345,119.51824215120652,-39.024792151206526,0.03035304112643794,BBB+,8.0,1.81973,Hold (rich+safe),-37.840271030090264,1.1845211211162643
Occidental Petroleum Corporation,674599EG6,SPS1684713514,4010841,142.78059,219.20636860466644,-76.42577860466645,,BB+,11.0,11.13233,Hold (rich+safe),-38.212889302333224,38.212889302333224
Verizon Communications Inc.,92343VGP3,SPS1771742262,4057229,124.11137,166.9230119365198,-42.811641936519806,0.10319396477344395,BBB+,8.0,14.27988,Hold (rich+safe),-38.393738866629285,4.417903069890521
Historic TW Inc.,887315AZ2,SPS14028273,4004176,230.32649,308.61601859779967,-78.28952859779966,,BB,12.0,6.36148,Hold (rich+safe),-39.14476429889983,39.14476429889983
"Indiana Gas Company, Inc.",45475QAR4,SPS14077444,4057125,5.32963,84.16434378401665,-78.83471378401666,,BBB+,8.0,2.9545,Hold (rich+safe),-39.41735689200833,39.41735689200833
CSX Corporation,U12640AL9,SPS104608495,4004350,89.78405,139.7748441078369,-49.99079410783692,0.18783363944668735,BBB+,8.0,9.40715,Short (rich+risky),-40.6008413117319,9.389952796105023
Anadarko Petroleum Corporation,032511AN7,SPS14067687,4010194,91.39686,172.9614873103497,-81.56462731034969,,BB+,11.0,2.49017,Hold (rich+safe),-40.782313655174846,40.782313655174846
Dell Inc.,247025AE9,SPS14552207,4047867,16.35726,106.77637608485959,-90.4191160848596,,BBB,9.0,1.74219,Hold (rich+safe),-45.2095580424298,45.2095580424298
Southern California Edison Company,842400JM6,SPS1998907781,4009083,79.61707,133.70289613962177,-54.08582613962177,0.16143408731704326,BBB+,8.0,4.5916,Hold (rich+safe),-45.35453015998365,8.731295979638121
"BellSouth, LLC",079857AC2,SPS14037949,4041154,-21.96638,72.42934656281383,-94.39572656281383,,BBB,9.0,0.45233,Hold (rich+safe),-47.19786328140692,47.19786328140692
Discover Financial Services,25472CBR9,SPS308170823,4096334,97.64439,152.62484421767653,-54.980454217676524,0.04443624620378763,BBB,9.0,2.58174,Hold (rich+safe),-52.537329217663775,2.4431250000127482
Cincinnati Financial Corporation,172062AF8,SPS14177198,103262,28.0663,83.95887979332137,-55.892579793321374,0.03035304112643794,BBB+,8.0,1.82481,Hold (rich+safe),-54.19607002019198,1.6965097731293979
"Dominion Energy, Inc.",209615BQ5,SPS14037268,4001616,56.62278,130.22134537273843,-73.59856537273842,0.2238540744162718,BBB,9.0,0.36918,Short (rich+risky),-57.12322664285859,16.47533872987983
Occidental Petroleum Corporation,674599DT9,SPS634205761,4010841,89.2456,209.88443755407286,-120.63883755407286,,BB+,11.0,2.49052,Hold (rich+safe),-60.31941877703643,60.31941877703643
Weyerhaeuser Company,969133AJ6,SPS14034379,4006248,27.27955,93.64214824140501,-66.36259824140501,0.0801462687831106,BBB,9.0,0.08696,Hold (rich+safe),-61.04388360560378,5.3187146358012285
"Lowe's Companies, Inc.",548661AK3,SPS14077635,4004318,31.34783,100.02771723961357,-68.67988723961356,0.08154519581087558,BBB+,8.0,2.51874,Hold (rich+safe),-63.07937238639042,5.600514853223143
Verizon Communications Inc.,92343VGQ1,SPS1772244386,4057229,144.21782,215.58923654956115,-71.37141654956116,0.10319396477344395,BBB+,8.0,14.52903,Hold (rich+safe),-64.00631710431496,7.365099445246209
Six Flags Entertainment Corporation,150190AD8,SPS622854468,4121677,219.96496,297.3806531261033,-77.41569312610332,0.16792307338986637,B,15.0,2.7754,Short (rich+risky),-64.4158120077613,12.99988111834202
"Lowe's Companies, Inc.",548661AH0,SPS14052137,4004318,10.72127,85.60172547413973,-74.88045547413972,0.08154519581087558,BBB+,8.0,1.58227,Hold (rich+safe),-68.77431407009345,6.106141404046274
The Kroger Co.,501044DE8,SPS402896983,4004136,-0.95038,81.85741204475042,-82.80779204475041,0.1655657058593223,BBB,9.0,0.37026,Short (rich+risky),-69.09766150420934,13.710130540541074
Howard Hughes Holdings Inc.,U44255AF1,SPS701331969,4265772,166.82481,289.3505248224077,-122.52571482240768,0.3884254487201905,BB-,13.0,4.07801,Short (rich+risky),-74.93360906275187,47.5921057596558
Qwest Corporation,624284BD6,SPS14014233,4057217,352.14711,432.09826039030173,-79.95115039030173,0.04366394997594337,B,15.0,3.32484,Hold (rich+safe),-76.46016735914047,3.49098303116126
Alcoa Nederland Holding B.V,013822AD3,SPS564713640,20065917,0.0,165.48340174315572,-165.48340174315572,,BB+,11.0,0.0,Hold (rich+safe),-82.74170087157786,82.74170087157786
Anadarko Petroleum Corporation,032511AM9,SPS14050789,4010194,88.61897,278.2944859785716,-189.67551597857158,,BB+,11.0,1.49687,Hold (rich+safe),-94.83775798928579,94.83775798928579
Verizon Communications Inc.,92346MGQ8,SPS430326193,4057229,123.09928,245.17829544991113,-122.07901544991114,0.10319396477344395,BBB+,8.0,14.77539,Hold (rich+safe),-109.48119782999629,12.59781761991485
Occidental Petroleum Corporation,674599DP7,SPS634205757,4010841,58.59728,296.1594668537288,-237.5621868537288,,BB+,11.0,1.3789,Hold (rich+safe),-118.7810934268644,118.7810934268644
Southern California Edison Company,842400HW6,SPS1838048845,4009083,-80.51725,93.68351895582578,-174.20076895582577,0.16143408731704326,BBB+,8.0,0.00539,Hold (rich+safe),-146.0788268095149,28.121942146310854
Verizon Communications Inc.,92346MBY6,SPS430326041,4057229,-3.48272,172.58716856162673,-176.06988856162673,0.10319396477344395,BBB+,8.0,13.53671,Hold (rich+safe),-157.90053868373403,18.16934987789271
The Bank of New York Mellon Corporation,U06405CU3,SPS31692326,100144,-75.80534,252.67934580156987,-328.48468580156987,0.041062181759141426,CCC,18.0,21.56095,Hold (rich+safe),-314.99638792809134,13.488297873478524
