issuer_name,cusip,instrument_id,mi_key,spread_target,spread_source,predicted_spread,cheapness_bps,sp_rating,rating_numeric,modified_duration
AEP Texas Inc.,00108WAQ3,SPS1783388206,4056935,140.95622,z_spread_bid,157.2249194834459,-16.268699483445886,BBB+,8.0,13.41435
"AEP Transmission Company, LLC",00115AAN9,SPS1675968448,4341449,109.51549,z_spread_bid,131.2783410567994,-21.762851056799406,BBB+,8.0,15.40769
Alcoa Nederland Holding B.V,013822AD3,SPS564713640,20065917,0.0,z_spread_bid,165.48340174315572,-165.48340174315572,BB+,11.0,0.0
Alltel Corporation,020039AJ2,SPS14070091,4019044,90.98841,z_spread_bid,53.51421012056753,37.47419987943247,BBB+,8.0,2.62554
Ameren Corporation,171794AF7,SPS14080441,4007308,110.76264,z_spread_bid,137.1118229217188,-26.349182921718807,BBB,9.0,2.89411
"American Homes 4 Rent, L.P.",02666TAG2,SPS1869214330,4413987,100.26974,z_spread_bid,123.03152618349418,-22.76178618349418,BBB,9.0,6.10156
Ameritech Capital Funding Corporation,030955AJ7,SPS14047511,4150236,114.35885,z_spread_bid,90.64841804504225,23.710431954957755,BBB,9.0,1.29452
Anadarko Petroleum Corporation,032511AJ6,SPS14036609,4010194,305.12025,z_spread_bid,228.53054232196075,76.58970767803925,BB+,11.0,12.99838
Anadarko Petroleum Corporation,032511AK3,SPS14037944,4010194,292.23913,z_spread_bid,210.55322121467339,81.6859087853266,BB+,11.0,13.41025
Anadarko Petroleum Corporation,032511AL1,SPS14049077,4010194,215.29022,z_spread_bid,161.0100661657407,54.280153834259295,BB+,11.0,1.36749
Anadarko Petroleum Corporation,032511AM9,SPS14050789,4010194,88.61897,z_spread_bid,278.2944859785716,-189.67551597857158,BB+,11.0,1.49687
Anadarko Petroleum Corporation,032511AN7,SPS14067687,4010194,91.39686,z_spread_bid,172.9614873103497,-81.56462731034969,BB+,11.0,2.49017
APA Corporation,U0379QAE2,SPS1912144050,4010203,91.50279,z_spread_bid,111.74911752336659,-20.24632752336659,BBB-,10.0,3.00769
Apollo Debt Solutions BDC,03770DAF0,SPS1916558713,27739734,206.28585,z_spread_bid,151.286777267872,54.99907273212801,BBB-,10.0,4.70924
Apollo Debt Solutions BDC,03770DAK9,SPS1974799806,27739734,191.25097,z_spread_bid,206.576311246058,-15.325341246058002,BBB-,10.0,3.65711
Appalachian Power Company,037735CY1,SPS660100799,4056972,133.38211,z_spread_bid,135.07831571658363,-1.69620571658362,BBB+,8.0,14.00297
"Bath & Body Works, Inc.",532716AJ6,SPS14132358,4069317,293.98588,z_spread_bid,156.817232073495,137.168647926505,BB-,13.0,5.21364
"Bath & Body Works, Inc.",532716AK3,SPS14140320,4069317,293.98588,z_spread_bid,196.45471627139608,97.53116372860393,BB-,13.0,5.21364
"Bath & Body Works, Inc.",U53313AA7,SPS64386194,4069317,293.98588,z_spread_bid,156.817232073495,137.168647926505,BB-,13.0,5.21364
"BellSouth Telecommunications, LLC",079867AP2,SPS14027259,4004438,236.03025,z_spread_bid,265.98172668136533,-29.951476681365335,BBB,9.0,14.07675
"BellSouth Telecommunications, LLC",079867AS6,SPS14027520,4004438,372.2964,z_spread_bid,247.38012923816427,124.91627076183573,BBB,9.0,11.23761
"BellSouth, LLC",079857AC2,SPS14037949,4041154,-21.96638,z_spread_bid,72.42934656281383,-94.39572656281383,BBB,9.0,0.45233
"BellSouth, LLC",079857AF5,SPS14045528,4041154,249.08903,z_spread_bid,159.48657080619472,89.60245919380529,BBB,9.0,13.93219
"BellSouth, LLC",079857AH1,SPS14081146,4041154,105.11591,z_spread_bid,115.81913667809387,-10.70322667809387,BBB,9.0,3.16146
"BellSouth, LLC",079860AD4,SPS14106681,4041154,102.68909,z_spread_bid,103.8513954214354,-1.1623054214354056,BBB,9.0,4.46831
Belo Corp.,080555AE5,SPS14043892,4121666,129.87021,z_spread_bid,138.4708416702083,-8.600631670208315,BB+,11.0,0.92593
Belo Corp.,080555AF2,SPS14046964,4121666,129.22694,z_spread_bid,126.87383796649056,2.353102033509458,BB+,11.0,1.21005
Blue Owl Credit Income Corp.,69120VBB6,SPS1879069869,25867257,179.00849,z_spread_bid,237.76165925206544,-58.75316925206545,BBB-,10.0,1.80513
Blue Owl Finance LLC,U0942JAE6,SPS1837977662,29164958,108.92218,z_spread_bid,167.63459887608187,-58.71241887608187,BBB,9.0,1.84079
Blue Owl Finance LLC,09581JAK2,SPS1837977799,29164958,108.92218,z_spread_bid,167.63459887608187,-58.71241887608187,BBB,9.0,1.84079
Blue Owl Finance LLC,09581JAJ5,SPS1837977804,29164958,108.92218,z_spread_bid,167.63459887608187,-58.71241887608187,BBB,9.0,1.84079
Boston Gas Company,100743AN3,SPS1848145517,4057111,163.5612,z_spread_bid,147.91404013786553,15.647159862134487,BBB+,8.0,12.79487
Boston Gas Company,U0568KAE6,SPS1848226543,4057111,163.5612,z_spread_bid,147.91404013786553,15.647159862134487,BBB+,8.0,12.79487
Boston Properties Limited Partnership,10112RBE3,SPS706230363,4064347,94.7415,z_spread_bid,84.30888699489762,10.432613005102382,BBB,9.0,5.26716
"Brighthouse Financial, Inc.",10922NAB9,SPS434448530,6588911,84.05408,z_spread_bid,116.1534132596625,-32.0993332596625,BBB,9.0,1.01127
"CenterPoint Energy, Inc.",15189TAX5,SPS632958506,4074390,64.00766,z_spread_bid,101.23608552542242,-37.22842552542242,BBB,9.0,3.46589
"CenterPoint Energy, Inc.",15189TAY3,SPS632958507,4074390,152.64685,z_spread_bid,195.8714185000291,-43.22456850002911,BBB,9.0,13.55677
"Charter Communications Operating, LLC",161175CJ1,SPS1774063860,4137131,153.22718,z_spread_bid,150.94560051117963,2.2815794888203698,BBB-,10.0,5.72667
"Charter Communications Operating, LLC",161175CL6,SPS1774063862,4137131,282.60067,z_spread_bid,256.3105447562319,26.290125243768102,BBB-,10.0,13.00693
Cincinnati Financial Corporation,172062AC5,SPS14056539,103262,80.49345,z_spread_bid,119.51824215120652,-39.024792151206526,BBB+,8.0,1.81973
Cincinnati Financial Corporation,172062AF8,SPS14177198,103262,28.0663,z_spread_bid,83.95887979332137,-55.892579793321374,BBB+,8.0,1.82481
Citigroup Inc.,1730T3BB8,SPS165288847,4041896,139.10847,z_spread_bid,128.19362235833944,10.914847641660572,BBB+,8.0,7.90693
Citigroup Inc.,17327CAQ6,SPS1764851411,4041896,81.08126,z_spread_bid,101.3007330664301,-20.219473066430098,BBB+,8.0,5.81472
Citigroup Inc.,172967NN7,SPS1774231253,4041896,88.10658,z_spread_bid,102.086312657481,-13.979732657481009,BBB+,8.0,5.82938
Citigroup Inc.,172967NU1,SPS1783829058,4041896,89.57052,z_spread_bid,102.80913439049489,-13.238614390494888,BBB+,8.0,5.83701
Citigroup Inc.,172967PA3,SPS1814836101,4041896,93.00828,z_spread_bid,109.18043760079159,-16.172157600791593,BBB+,8.0,5.95705
Citigroup Inc.,U17408NC2,SPS1955139175,4041896,146.00471,z_spread_bid,126.73102739665397,19.273682603346018,BBB+,8.0,7.2873
Citigroup Inc.,172967QE4,SPS1956598824,4041896,161.77527,z_spread_bid,142.07420068380026,19.70106931619975,BBB,9.0,11.06754
Citigroup Inc.,172967MP3,SPS660463768,4041896,113.23957,z_spread_bid,96.77976998460703,16.45980001539297,BBB+,8.0,4.25082
Citigroup Inc.,17290AHK9,SPS712751877,4041896,144.39003,z_spread_bid,132.64997667864083,11.74005332135917,BBB+,8.0,10.95791
"Colorado Interstate Gas Company, L.L.C.",196522AE6,SPS14044297,4057158,132.05808,z_spread_bid,143.20399889883925,-11.145918898839255,BBB+,8.0,7.63424
Connecticut Natural Gas Corporation,20765QAH8,SPS14548092,4059402,121.89866,z_spread_bid,130.53274757713382,-8.634087577133812,BBB+,8.0,7.08986
Connecticut Natural Gas Corporation,20765QAK1,SPS37846246,4059402,138.59574,z_spread_bid,127.04891261346883,11.546827386531177,BBB+,8.0,7.98583
"Continental Resources, Inc.",212015AQ4,SPS263811432,4120318,203.01302,z_spread_bid,153.65528540359495,49.357734596405066,BBB-,10.0,10.8011
"Corebridge Financial, Inc.",U20256AF7,SPS1776484759,102701,128.6425,z_spread_bid,54.9305436167809,73.7119563832191,BBB+,8.0,13.93163
"Corebridge Financial, Inc.",21871XAL3,SPS1776484760,102701,128.6425,z_spread_bid,54.9305436167809,73.7119563832191,BBB+,8.0,13.93163
"Corebridge Financial, Inc.",U20256AE0,SPS1776484761,102701,136.78346,z_spread_bid,141.41739848695954,-4.633938486959551,BBB+,8.0,10.76609
"Corebridge Financial, Inc.",21871XAJ8,SPS1776486439,102701,136.78346,z_spread_bid,141.41739848695954,-4.633938486959551,BBB+,8.0,10.76609
"Cox Communications, Inc.",872241AB0,SPS14052038,4024830,213.21872,z_spread_bid,135.90691587026794,77.31180412973205,BBB,9.0,1.53066
CSX Corporation,U12640AL9,SPS104608495,4004350,89.78405,z_spread_bid,139.7748441078369,-49.99079410783692,BBB+,8.0,9.40715
CSX Corporation,126408AU7,SPS14042856,4004350,36.32131,z_spread_bid,48.30723424016165,-11.985924240161651,BBB+,8.0,0.88348
CSX Corporation,126408BM4,SPS14050104,4004350,88.59312,z_spread_bid,72.0001493835714,16.5929706164286,BBB+,8.0,0.8811
CSX Corporation,126408HV8,SPS1792811561,4004350,108.04994,z_spread_bid,141.09051032275562,-33.04057032275561,BBB+,8.0,14.27843
CSX Corporation,126408BP7,SPS241269697,4004350,76.99607,z_spread_bid,55.05440891441919,21.94166108558081,BBB+,8.0,0.88314
CSX Corporation,126408AY9,SPS64219206,4004350,36.32131,z_spread_bid,48.86025177582074,-12.538941775820746,BBB+,8.0,0.88348
"Delhaize America, Inc.",246688AB1,SPS14096250,4054848,84.63238,z_spread_bid,124.55309538720009,-39.92071538720009,BBB+,8.0,3.98855
"Delhaize America, Inc.",246688AF2,SPS14109516,4054848,84.63238,z_spread_bid,110.66911463487473,-26.036734634874733,BBB+,8.0,3.98855
"Delhaize America, Inc.",U24627AB4,SPS64348525,4054848,84.63238,z_spread_bid,113.7353056641448,-29.102925664144806,BBB+,8.0,3.98855
Dell Inc.,247025AE9,SPS14552207,4047867,16.35726,z_spread_bid,106.77637608485959,-90.4191160848596,BBB,9.0,1.74219
Discover Financial Services,25472CBR9,SPS308170823,4096334,97.64439,z_spread_bid,152.62484421767653,-54.980454217676524,BBB,9.0,2.58174
"Discovery Communications, LLC",25470DBU2,SPS1948595357,4200085,448.01286,z_spread_bid,333.2796958468377,114.7331641531623,BB,12.0,10.55019
"Discovery Global Holdings, Inc.",55903VBW2,SPS1948595592,29181597,354.11798,z_spread_bid,272.8876856424796,81.23029435752039,BB,12.0,9.61088
"Dominion Energy, Inc.",209615BQ5,SPS14037268,4001616,56.62278,z_spread_bid,130.22134537273843,-73.59856537273842,BBB,9.0,0.36918
"Dominion Energy, Inc.",209615BS1,SPS14049850,4001616,72.89133,z_spread_bid,74.35756783480018,-1.4662378348001823,BBB,9.0,1.41504
Duke Energy Corporation,26441CCA1,SPS1854810425,4121470,141.89794,z_spread_bid,167.48755976035102,-25.589619760351013,BBB,9.0,13.15353
"Duke Energy Florida, LLC",341099BT5,SPS14171999,4056998,7.65894,z_spread_bid,38.93290518452348,-31.273965184523476,BBB+,8.0,1.54594
"Duke Energy Florida, LLC",341099BW8,SPS32210158,4056998,7.65894,z_spread_bid,40.2427068973601,-32.5837668973601,BBB+,8.0,1.54594
"Duke Energy Indiana, LLC",693627AY7,SPS14551614,4062444,91.16243,z_spread_bid,121.01925325412576,-29.856823254125757,BBB+,8.0,7.11207
"Duke Energy Kentucky, Inc.",906888AS1,SPS26281773,4057103,103.45939,z_spread_bid,112.8491311906233,-9.389741190623297,BBB+,8.0,7.26803
"Duke Energy Ohio, Inc.",172070CP7,SPS14139774,4057079,84.80149,z_spread_bid,116.45016341430252,-31.64867341430252,BBB+,8.0,5.67872
"Duke Energy Ohio, Inc.",172070CQ5,SPS14139775,4057079,95.26533,z_spread_bid,124.7914456744751,-29.526115674475093,BBB+,8.0,5.67478
El Paso LLC,U53248AP2,SPS227398570,4010586,147.56282,z_spread_bid,168.32612458179125,-20.76330458179126,BBB+,8.0,7.41046
El Paso LLC,28336LBG3,SPS28714186,4010586,147.56282,z_spread_bid,168.32612458179125,-20.76330458179126,BBB+,8.0,7.41046
El Paso LLC,28336LBB4,SPS28969902,4010586,35.3872,z_spread_bid,53.32210771388873,-17.934907713888727,BBB+,8.0,0.67976
El Paso LLC,28336LBH1,SPS28969935,4010586,147.56282,z_spread_bid,171.11065400958188,-23.54783400958189,BBB+,8.0,7.41046
"El Paso Natural Gas Company, L.L.C.",283695BE3,SPS14037911,4057159,55.1647,z_spread_bid,32.89389216949334,22.270807830506662,BBB+,8.0,0.45056
EQT Corporation,294549AE0,SPS14035183,4004341,111.05513,z_spread_bid,116.12679353318308,-5.07166353318307,BBB-,10.0,0.12451
Equifax Inc.,294429AC9,SPS14057890,4040823,70.43398,z_spread_bid,95.73789482108678,-25.303914821086778,BBB,9.0,1.88552
Exelon Corporation,30161NBU4,SPS1972368330,4057056,34.12679,z_spread_bid,80.23934925173121,-46.11255925173121,BBB+,8.0,2.61552
Expand Energy Corporation,845467AR0,SPS1675972149,4010492,116.65765,z_spread_bid,100.73478023554665,15.922869764453353,BBB-,10.0,2.4177
Extra Space Storage LP,30225VAG2,SPS1681216404,4383065,79.50421,z_spread_bid,119.1302480033438,-39.626038003343794,BBB+,8.0,5.25873
Federal Realty OP LP,313747AF4,SPS14035725,101479324,45.0535,z_spread_bid,98.02048991407716,-52.96698991407716,BBB+,8.0,0.2063
Ford Holdings LLC,345277AE7,SPS14168084,4171731,154.90822,z_spread_bid,130.8802549032227,24.027965096777308,BBB-,10.0,3.13353
Ford Motor Company,345370BH2,SPS14009291,113873,143.30575,z_spread_bid,142.6241437551721,0.6816062448278899,BBB-,10.0,4.38685
Ford Motor Company,345370BM1,SPS14009295,113873,236.27883,z_spread_bid,190.9805734741319,45.29825652586811,BBB-,10.0,9.38783
Ford Motor Company,345370BP4,SPS14035502,113873,156.80626,z_spread_bid,118.64449682901342,38.16176317098659,BBB-,10.0,0.16725
Ford Motor Company,345370BR0,SPS14037654,113873,225.02208,z_spread_bid,147.07142810108047,77.95065189891952,BBB-,10.0,10.68927
Ford Motor Company,345370BS8,SPS14043002,113873,289.44346,z_spread_bid,184.58351007401853,104.85994992598148,BBB-,10.0,13.44382
Ford Motor Company,345370BT6,SPS14052708,113873,82.88461,z_spread_bid,111.8278627947084,-28.9432527947084,BBB-,10.0,1.5788
Ford Motor Company,345370BV1,SPS14086369,113873,166.42076,z_spread_bid,170.37796938814049,-3.957209388140484,BBB-,10.0,4.3698
Ford Motor Company,345370BW9,SPS14087329,113873,263.41536,z_spread_bid,202.1691785153455,61.24618148465453,BBB-,10.0,9.8139
Freedom Mortgage Corporation,U31333AG9,SPS1848270539,4105802,260.87979,z_spread_bid,151.3382972595231,109.54149274047691,B,15.0,0.59158
GE HealthCare Technologies Inc.,36267VAL7,SPS1814830566,108009705,133.68877,z_spread_bid,168.9653814088095,-35.27661140880949,BBB,9.0,13.08948
Global Payments Inc.,37940XAH5,SPS1758571575,4090258,122.39626,z_spread_bid,117.28896668864625,5.107293311353743,BBB-,10.0,4.91963
Halliburton Company,406216AS0,SPS14176439,4010641,241.0619,z_spread_bid,160.40805440445334,80.65384559554667,BBB+,8.0,14.13637
"Hasbro, Inc.",418056AH0,SPS14058449,4095387,46.88357,z_spread_bid,101.49802234624248,-54.61445234624248,BBB,9.0,1.93195
"Healthcare Realty Holdings, L.P.",42225UAQ7,SPS1792655508,4345132,55.07721,z_spread_bid,110.36477838369544,-55.28756838369544,BBB,9.0,1.53771
"Healthcare Realty Holdings, L.P.",42225UAG9,SPS635849717,4345132,67.51938,z_spread_bid,104.19387918822326,-36.674499188223265,BBB,9.0,3.41252
Historic TW Inc.,887315AZ2,SPS14028273,4004176,230.32649,z_spread_bid,308.61601859779967,-78.28952859779966,BB,12.0,6.36148
Historic TW Inc.,887315BM0,SPS14056627,4004176,283.03638,z_spread_bid,348.75161801880125,-65.71523801880124,BB,12.0,1.47643
Historic TW Inc.,887315BN8,SPS14063043,4004176,301.25568,z_spread_bid,239.3878534435999,61.867826556400075,BB,12.0,2.63273
Howard Hughes Holdings Inc.,U44255AF1,SPS701331969,4265772,166.82481,z_spread_bid,289.3505248224077,-122.52571482240768,BB-,13.0,4.07801
HP Inc.,40434LAN5,SPS1785965139,105223,85.79589,z_spread_bid,93.31893233357631,-7.5230423335763135,BBB,9.0,5.40835
"iHeartCommunications, Inc.",U45057AP8,SPS1912350935,4095086,504.10151,z_spread_bid,277.2308422507256,226.87066774927445,CCC+,17.0,3.71535
"Indiana Bell Telephone Company, Incorporated",454614AL2,SPS32213435,4057194,66.36078,z_spread_bid,64.88593485288617,1.4748451471138395,BBB,9.0,0.20606
"Indiana Gas Company, Inc.",45475QAH6,SPS14044868,4057125,52.24167,z_spread_bid,46.72691529114911,5.514754708850887,BBB+,8.0,1.04565
"Indiana Gas Company, Inc.",45475QAR4,SPS14077444,4057125,5.32963,z_spread_bid,84.16434378401665,-78.83471378401666,BBB+,8.0,2.9545
Invitation Homes Operating Partnership LP,46188BAC6,SPS1686799318,4887375,103.57963,z_spread_bid,156.96055506493863,-53.38092506493864,BBB,9.0,6.60844
Jefferies Financial Group Inc.,472319AC6,SPS14559250,103464,152.61399,z_spread_bid,141.83221465718765,10.781775342812352,BBB,9.0,7.04253
Jefferies Financial Group Inc.,47233WHA0,SPS1893490168,103464,227.53397,z_spread_bid,148.33258022529398,79.20138977470603,BBB,9.0,7.41127
Jefferies Financial Group Inc.,47233WHJ1,SPS1903319909,103464,233.34981,z_spread_bid,160.71061949778974,72.63919050221025,BBB,9.0,8.93846
Jefferies Financial Group Inc.,47233WJK6,SPS1935137954,103464,218.87764,z_spread_bid,154.76547974414774,64.11216025585227,BBB,9.0,10.53404
Jefferies Financial Group Inc.,47233WKB4,SPS1948280473,103464,177.57236,z_spread_bid,137.305347318995,40.26701268100501,BBB,9.0,6.42409
Jefferies Financial Group Inc.,47233WKZ1,SPS1968256411,103464,132.4378,z_spread_bid,133.46590784782836,-1.0281078478283519,BBB,9.0,7.2924
Jefferies Financial Group Inc.,47233WLP2,SPS1978548739,103464,118.30582,z_spread_bid,114.34030347599487,3.9655165240051247,BBB,9.0,4.78769
Jefferies Financial Group Inc.,47233WLQ0,SPS1981558671,103464,270.90149,z_spread_bid,163.06806291145907,107.83342708854096,BBB,9.0,9.14123
Jefferies Financial Group Inc.,47233WLS6,SPS1981558673,103464,106.54846,z_spread_bid,118.57133399019312,-12.02287399019312,BBB,9.0,4.83943
Jefferies Financial Group Inc.,47233WLU1,SPS1984711343,103464,190.29631,z_spread_bid,139.7745539619534,50.52175603804662,BBB,9.0,5.53063
Jefferies Financial Group Inc.,47233WLZ0,SPS1986625840,103464,263.25665,z_spread_bid,156.3892376899404,106.86741231005959,BBB,9.0,11.923
Jefferies Financial Group Inc.,47233JCR7,SPS643085688,103464,388.21756,z_spread_bid,232.89775875396222,155.31980124603777,BBB,9.0,6.83156
Jefferies Financial Group Inc.,47233JDZ8,SPS690751551,103464,235.58001,z_spread_bid,154.44779042958712,81.13221957041287,BBB,9.0,10.02134
Jersey Central Power & Light Company,476556CV5,SPS64629873,4057004,92.63515,z_spread_bid,127.82565705991341,-35.190507059913415,BBB+,8.0,7.82741
"Kinder Morgan, Inc.",482620AS0,SPS14048016,4275772,45.25195,z_spread_bid,71.59720450473561,-26.345254504735614,BBB+,8.0,1.34392
"Kinder Morgan, Inc.",482620AW1,SPS14053446,4275772,7.55057,z_spread_bid,75.08875133498638,-67.53818133498639,BBB+,8.0,1.62175
"Kinder Morgan, Inc.",482620AX9,SPS14053447,4275772,199.16139,z_spread_bid,166.73192828229085,32.42946171770916,BBB+,8.0,15.11771
Ladder Capital Finance Holdings LLLP,505742AQ9,SPS717945595,4237798,133.12519,z_spread_bid,118.3545694618473,14.770620538152698,BB+,11.0,2.73107
"LGI Homes, Inc.",50187TAJ5,SPS1862056393,4398514,308.435,z_spread_bid,129.31552914119348,179.11947085880652,B,15.0,2.17342
"Lowe's Companies, Inc.",548661AH0,SPS14052137,4004318,10.72127,z_spread_bid,85.60172547413973,-74.88045547413972,BBB+,8.0,1.58227
"Lowe's Companies, Inc.",548661AK3,SPS14077635,4004318,31.34783,z_spread_bid,100.02771723961357,-68.67988723961356,BBB+,8.0,2.51874
"Lowe's Companies, Inc.",548661EE3,SPS1681217101,4004318,110.2887,z_spread_bid,149.71385172139324,-39.425151721393235,BBB+,8.0,11.49054
"Macy's, Inc.",577778BK8,SPS14081521,4004104,325.46967,z_spread_bid,254.47393434930254,70.99573565069747,BB+,11.0,3.14881
"MidAmerican Funding, LLC",59562HAJ7,SPS14082915,4081927,63.72345,z_spread_bid,92.88131654237229,-29.15786654237229,BBB+,8.0,2.46395
"Nationwide Financial Services, Inc.",638612AL5,SPS277592989,108270,158.82549,z_spread_bid,150.6591720769612,8.166317923038804,BBB+,8.0,11.27098
"Nationwide Financial Services, Inc.",U63752AB2,SPS277593059,108270,158.82549,z_spread_bid,150.6591720769612,8.166317923038804,BBB+,8.0,11.27098
"NextEra Energy Capital Holdings, Inc.",65339KBZ2,SPS1760991694,4065678,62.70425,z_spread_bid,87.29727850290871,-24.59302850290871,BBB+,8.0,5.08997
"NextEra Energy Capital Holdings, Inc.",65339KCA6,SPS1760991695,4065678,128.76476,z_spread_bid,179.69894625529042,-50.93418625529043,BBB+,8.0,14.97515
"NextEra Energy Capital Holdings, Inc.",65339KCL2,SPS1800633131,4065678,18.01935,z_spread_bid,45.19708203941968,-27.177732039419684,BBB+,8.0,1.19559
"NextEra Energy Capital Holdings, Inc.",65339KCM0,SPS1824929509,4065678,30.86897,z_spread_bid,52.00362475076461,-21.134654750764607,BBB+,8.0,1.64562
"NextEra Energy Capital Holdings, Inc.",65339KCQ1,SPS1824929510,4065678,136.45156,z_spread_bid,175.31658725583202,-38.86502725583202,BBB+,8.0,13.46732
"NextEra Energy Capital Holdings, Inc.",65339KCN8,SPS1824929511,4065678,44.33785,z_spread_bid,79.74853873322299,-35.41068873322298,BBB+,8.0,3.35292
"NextEra Energy Capital Holdings, Inc.",65339KCP3,SPS1824929512,4065678,67.05962,z_spread_bid,86.02686852064352,-18.967248520643523,BBB+,8.0,5.60335
"NextEra Energy Capital Holdings, Inc.",65339KDC1,SPS1885042845,4065678,23.84303,z_spread_bid,68.89665683497849,-45.05362683497849,BBB,9.0,2.69684
"NextEra Energy Capital Holdings, Inc.",65339KAT7,SPS428742841,4065678,11.36026,z_spread_bid,52.713459481404065,-41.35319948140406,BBB+,8.0,0.89444
"NextEra Energy Capital Holdings, Inc.",65339KBJ8,SPS607925173,4065678,32.20017,z_spread_bid,56.65974708012098,-24.45957708012098,BBB+,8.0,2.65106
"NextEra Energy Capital Holdings, Inc.",65339KBR0,SPS666803624,4065678,52.48176,z_spread_bid,76.86128059435475,-24.37952059435475,BBB+,8.0,3.71025
"NextEra Energy Capital Holdings, Inc.",65339KBW9,SPS717055991,4065678,25.61311,z_spread_bid,49.802499346646094,-24.189389346646095,BBB+,8.0,1.95278
"Nordstrom, Inc.",655664AH3,SPS14053808,4053619,121.09057,z_spread_bid,173.07529060945845,-51.98472060945845,BB+,11.0,1.65277
Norfolk Southern Corporation,655844CL0,SPS1677747918,4021829,111.84732,z_spread_bid,126.67974084452635,-14.832420844526354,BBB+,8.0,15.22629
Norfolk Southern Corporation,655844BW7,SPS542231141,4021829,115.23959,z_spread_bid,122.9862950077596,-7.746705007759587,BBB+,8.0,13.20766
Norfolk Southern Corporation,U65584AF8,SPS542273153,4021829,115.23959,z_spread_bid,122.9862950077596,-7.746705007759587,BBB+,8.0,13.20766
Norfolk Southern Railway Company,655855FB5,SPS14165866,4073968,140.0651,z_spread_bid,146.97388101194215,-6.908781011942153,BBB+,8.0,9.98986
Northrop Grumman Systems Corporation,872649BH0,SPS14078224,4312710,58.85792,z_spread_bid,114.59307508696514,-55.73515508696514,BBB+,8.0,2.59461
Occidental Petroleum Corporation,674599EG6,SPS1684713514,4010841,142.78059,z_spread_bid,219.20636860466644,-76.42577860466645,BB+,11.0,11.13233
Occidental Petroleum Corporation,674599DP7,SPS634205757,4010841,58.59728,z_spread_bid,296.1594668537288,-237.5621868537288,BB+,11.0,1.3789
Occidental Petroleum Corporation,674599DT9,SPS634205761,4010841,89.2456,z_spread_bid,209.88443755407286,-120.63883755407286,BB+,11.0,2.49052
"ONEOK, Inc.",682680AB9,SPS14060951,4010846,55.84375,z_spread_bid,92.01526219566406,-36.171512195664064,BBB,9.0,2.12951
"ONEOK, Inc.",682680BF9,SPS666570504,4010846,171.9786,z_spread_bid,170.41084419289885,1.5677558071011504,BBB,9.0,11.83921
"ONEOK, Inc.",682680BE2,SPS666570566,4010846,75.33124,z_spread_bid,110.86995165129711,-35.53871165129712,BBB,9.0,3.91501
Oracle Corporation,68389XBW4,SPS661501797,4041363,201.4554,z_spread_bid,203.23645663714396,-1.781056637143962,BBB,9.0,10.04073
Oracle Corporation,68389XBY0,SPS661501798,4041363,242.50185,z_spread_bid,216.85087444657358,25.650975553426406,BBB,9.0,14.24144
Oracle Corporation,68389XBX2,SPS661501800,4041363,223.59055,z_spread_bid,206.70015122675719,16.890398773242822,BBB,9.0,13.28475
Pacific Gas and Electric Company,694308KB2,SPS1771741932,4004218,59.80224,z_spread_bid,87.50007390546288,-27.697833905462886,BBB+,8.0,2.5433
Pacific Gas and Electric Company,694308KD8,SPS1771741934,4004218,177.63131,z_spread_bid,152.97782195955733,24.65348804044268,BBB+,8.0,12.89265
Pacific Gas and Electric Company,694308KF3,SPS1786038271,4004218,34.2981,z_spread_bid,78.10974399317448,-43.81164399317448,BBB+,8.0,0.98326
Pacific Gas and Electric Company,694308KG1,SPS1786038272,4004218,100.99886,z_spread_bid,109.60185961322416,-8.60299961322417,BBB+,8.0,4.92875
Pacific Gas and Electric Company,694308KH9,SPS1820704226,4004218,178.42636,z_spread_bid,154.98785410600283,23.43850589399716,BBB+,8.0,12.31508
Pacific Gas and Electric Company,694308KK2,SPS1831053386,4004218,176.8869,z_spread_bid,153.07671962318247,23.810180376817527,BBB+,8.0,12.55196
Pacific Gas and Electric Company,694308KL0,SPS1840069904,4004218,63.18309,z_spread_bid,89.62077583587772,-26.437685835877723,BBB+,8.0,2.36171
Pacific Gas and Electric Company,694308KQ9,SPS1872777034,4004218,57.02377,z_spread_bid,86.70447944068398,-29.680709440683984,BBB+,8.0,2.70413
Pacific Gas and Electric Company,694308KR7,SPS1872777035,4004218,115.71635,z_spread_bid,124.5005340250026,-8.784184025002588,BBB+,8.0,6.32151
Pacific Gas and Electric Company,694308KU0,SPS1932376728,4004218,123.30166,z_spread_bid,133.3209861419743,-10.01932614197429,BBB+,8.0,6.74358
Pacific Gas and Electric Company,694308KV8,SPS1932376729,4004218,174.74511,z_spread_bid,161.92416260740154,12.82094739259847,BBB+,8.0,13.05096
Pacific Gas and Electric Company,694308KW6,SPS1945918942,4004218,47.42852,z_spread_bid,87.9963543801594,-40.567834380159404,BBB+,8.0,1.85218
Pacific Gas and Electric Company,694308KX4,SPS1945918943,4004218,125.15592,z_spread_bid,128.8218541739905,-3.665934173990493,BBB+,8.0,6.93168
Pacific Gas and Electric Company,694308KY2,SPS1961942870,4004218,93.85928,z_spread_bid,112.89933669218412,-19.040056692184123,BBB+,8.0,5.357
Pacific Gas and Electric Company,694308KZ9,SPS1961942871,4004218,176.04689,z_spread_bid,154.65616917890253,21.39072082109746,BBB+,8.0,13.25898
Pacific Gas and Electric Company,694308LB1,SPS1983758881,4004218,174.00237,z_spread_bid,169.59846716479467,4.4039028352053435,BBB+,8.0,13.29003
Pacific Gas and Electric Company,694308LA3,SPS1983758907,4004218,119.93875,z_spread_bid,137.08705905471365,-17.14830905471365,BBB+,8.0,7.52691
Pacific Gas and Electric Company,694308JG3,SPS672609677,4004218,80.84539,z_spread_bid,109.96260921640142,-29.117219216401423,BBB+,8.0,4.27631
Pacific Gas and Electric Company,694308JF5,SPS672614173,4004218,40.51472,z_spread_bid,72.70410909064263,-32.189389090642635,BBB+,8.0,1.13051
Pacific Gas and Electric Company,694308JH1,SPS672614174,4004218,142.42264,z_spread_bid,143.1469101121107,-0.7242701121107018,BBB+,8.0,10.44784
Pacific Gas and Electric Company,694308JJ7,SPS672614175,4004218,156.78017,z_spread_bid,148.834168955318,7.946001044681992,BBB+,8.0,13.87351
Pacific Gas and Electric Company,694308JK4,SPS673519730,4004218,48.62063,z_spread_bid,81.38299363307179,-32.76236363307179,BBB+,8.0,1.95166
Pacific Gas and Electric Company,694308JM0,SPS673519732,4004218,77.41668,z_spread_bid,101.3569917819936,-23.9403117819936,BBB+,8.0,3.61535
Pacific Gas and Electric Company,694308JT5,SPS705892846,4004218,82.60765,z_spread_bid,111.12450579665517,-28.516855796655165,BBB+,8.0,4.45123
PacifiCorp,695114BX5,SPS14165434,4001587,114.06883,z_spread_bid,121.39717971318784,-7.3283497131878335,BBB+,8.0,6.37327
PacifiCorp,695114DA3,SPS1837759730,4001587,156.09014,z_spread_bid,112.02728465762453,44.06285534237546,BBB+,8.0,13.55013
PacifiCorp,695114DH8,SPS1982574572,4001587,51.88587,z_spread_bid,72.75898707777077,-20.87311707777077,BBB+,8.0,2.57058
PacifiCorp,695114CA4,SPS28602401,4001587,119.35275,z_spread_bid,111.8945348166631,7.458215183336904,BBB+,8.0,7.4329
PacifiCorp,695114CE6,SPS33224902,4001587,122.94176,z_spread_bid,98.29479639444017,24.646963605559833,BBB+,8.0,7.93469
PacifiCorp,695114CG1,SPS37480617,4001587,125.10437,z_spread_bid,99.90575284118898,25.198617158811018,BBB+,8.0,8.10471
PacifiCorp,695114CT3,SPS573563734,4001587,145.2201,z_spread_bid,107.24863596984035,37.97146403015965,BBB+,8.0,13.02695
PacifiCorp,695114CU0,SPS604263577,4001587,60.54679,z_spread_bid,60.7668580590882,-0.2200680590881987,BBB+,8.0,2.79757
PacifiCorp,695114CV8,SPS604263578,4001587,142.61506,z_spread_bid,104.2591582061805,38.3559017938195,BBB+,8.0,13.3711
PacifiCorp,U69458AA2,SPS64621708,4001587,116.78415,z_spread_bid,132.55451481964164,-15.770364819641642,BBB+,8.0,7.43677
"Pipeline Funding Company, LLC",724060AA6,SPS73143603,4243759,291.35636,z_spread_bid,141.4685987932361,149.88776120676388,BBB,9.0,2.77036
"Public Service Company of North Carolina, Incorporated",744516AB1,SPS14038977,4057139,72.20301,z_spread_bid,81.4528949289151,-9.249884928915094,BBB+,8.0,0.51429
Public Service Company of Oklahoma,744533BP4,SPS1677250893,4057023,125.83054,z_spread_bid,140.515923600838,-14.685383600837994,BBB+,8.0,14.7846
Qwest Corporation,624284BD6,SPS14014233,4057217,352.14711,z_spread_bid,432.09826039030173,-79.95115039030173,B,15.0,3.32484
Qwest Corporation,668027AT2,SPS14015047,4057217,360.3573,z_spread_bid,379.5059388574349,-19.14863885743489,B,15.0,3.3058
Raytheon Company,755111AF8,SPS14045686,4020418,5.98742,z_spread_bid,45.451740453971745,-39.464320453971744,BBB+,8.0,1.13675
Raytheon Company,755111AP6,SPS14062322,4020418,108.68398,z_spread_bid,57.20634940388612,51.47763059611388,BBB+,8.0,2.20408
RTX Corporation,U7532YAM6,SPS669021934,4001600,115.66626,z_spread_bid,128.67046039494787,-13.004200394947873,BBB+,8.0,8.19389
"Sabine Pass Liquefaction, LLC",785592AZ9,SPS1849002116,4368513,76.25339,z_spread_bid,131.9630342931633,-55.70964429316331,BBB+,8.0,5.12024
Six Flags Entertainment Corporation,150190AD8,SPS622854468,4121677,219.96496,z_spread_bid,297.3806531261033,-77.41569312610332,B,15.0,2.7754
Southern California Edison Company,842400FQ1,SPS112583104,4009083,148.21525,z_spread_bid,129.09074646898569,19.124503531014312,BBB+,8.0,9.915
Southern California Edison Company,842400ES8,SPS14151148,4009083,115.57206,z_spread_bid,116.23141559525112,-0.6593555952511281,BBB+,8.0,5.96654
Southern California Edison Company,842400EV1,SPS14157728,4009083,127.58207,z_spread_bid,126.00794749271716,1.574122507282837,BBB+,8.0,6.81007
Southern California Edison Company,842400EZ2,SPS14172129,4009083,138.97831,z_spread_bid,134.17245757644534,4.805852423554654,BBB+,8.0,7.20919
Southern California Edison Company,842400FA6,SPS14179241,4009083,124.24942,z_spread_bid,128.5629500799928,-4.313530079992788,BBB+,8.0,6.98431
Southern California Edison Company,842400FT5,SPS143212055,4009083,166.9095,z_spread_bid,133.9999838013802,32.9095161986198,BBB+,8.0,10.56404
Southern California Edison Company,842400HM8,SPS1763903340,4009083,79.79502,z_spread_bid,109.72024605209498,-29.925226052094985,BBB+,8.0,5.08284
Southern California Edison Company,842400HN6,SPS1763903341,4009083,149.80852,z_spread_bid,133.6689636669001,16.139556333099875,BBB+,8.0,14.34038
Southern California Edison Company,842400FV0,SPS177843184,4009083,161.30453,z_spread_bid,132.15600003817977,29.14852996182023,BBB+,8.0,10.78076
Southern California Edison Company,842400HQ9,SPS1783883637,4009083,41.02443,z_spread_bid,76.06079332205366,-35.03636332205365,BBB+,8.0,0.9498
Southern California Edison Company,842400HR7,SPS1783883638,4009083,171.87636,z_spread_bid,139.40974387715255,32.466616122847455,BBB+,8.0,12.69642
Southern California Edison Company,842400HT3,SPS1814214976,4009083,94.74372,z_spread_bid,117.01568702539191,-22.271967025391916,BBB+,8.0,5.29416
Southern California Edison Company,842400HS5,SPS1814214977,4009083,48.70689,z_spread_bid,76.72496595906492,-28.018075959064916,BBB+,8.0,1.34888
Southern California Edison Company,842400HU0,SPS1827629925,4009083,49.85921,z_spread_bid,78.59212700188142,-28.732917001881425,BBB+,8.0,1.6415
Southern California Edison Company,842400HV8,SPS1827629926,4009083,174.74978,z_spread_bid,144.15233501905956,30.597444980940423,BBB+,8.0,12.89117
Southern California Edison Company,842400HW6,SPS1838048845,4009083,-80.51725,z_spread_bid,93.68351895582578,-174.20076895582577,BBB+,8.0,0.00539
Southern California Edison Company,842400HX4,SPS1838048846,4009083,170.08341,z_spread_bid,140.60198388835653,29.481426111643458,BBB+,8.0,12.79573
Southern California Edison Company,842400HZ9,SPS1867801573,4009083,111.65782,z_spread_bid,117.749187340224,-6.0913673402239965,BBB+,8.0,6.29979
Southern California Edison Company,842400JA2,SPS1867801574,4009083,44.21178,z_spread_bid,79.54358617299249,-35.33180617299249,BBB+,8.0,0.64556
Southern California Edison Company,842400JC8,SPS1872828499,4009083,60.91565,z_spread_bid,79.84830600670323,-18.932656006703226,BBB+,8.0,2.69007
Southern California Edison Company,842400JD6,SPS1872828501,4009083,173.58479,z_spread_bid,142.3907156486825,31.19407435131751,BBB+,8.0,13.1809
Southern California Edison Company,842400JE4,SPS1880363871,4009083,82.84926,z_spread_bid,110.28130745715208,-27.43204745715208,BBB+,8.0,4.23306
Southern California Edison Company,842400JF1,SPS1893299773,4009083,46.15,z_spread_bid,78.10307226958054,-31.953072269580538,BBB+,8.0,0.26329
Southern California Edison Company,842400JG9,SPS1915273746,4009083,117.91386,z_spread_bid,131.2373839277559,-13.3235239277559,BBB+,8.0,6.79725
Southern California Edison Company,842400JH7,SPS1915273747,4009083,170.33195,z_spread_bid,141.21853126036285,29.113418739637154,BBB+,8.0,13.19975
Southern California Edison Company,842400JJ3,SPS1934881041,4009083,73.43259,z_spread_bid,92.36718795296369,-18.934597952963685,BBB+,8.0,3.37378
Southern California Edison Company,842400JK0,SPS1934881042,4009083,173.05883,z_spread_bid,141.21853126036285,31.84029873963715,BBB+,8.0,13.16837
Southern California Edison Company,842400JL8,SPS1985742619,4009083,93.93003,z_spread_bid,117.53339303163685,-23.603363031636846,BBB+,8.0,5.65268
Southern California Edison Company,842400JM6,SPS1998907781,4009083,79.61707,z_spread_bid,133.70289613962177,-54.08582613962177,BBB+,8.0,4.5916
Southern California Edison Company,842400FW8,SPS231601759,4009083,161.47187,z_spread_bid,132.74735663450207,28.724513365497927,BBB+,8.0,11.27479
Southern California Edison Company,842400FZ1,SPS247431684,4009083,159.37261,z_spread_bid,125.74173207193434,33.63087792806567,BBB+,8.0,11.10629
Southern California Edison Company,842400FC2,SPS25628949,4009083,128.28351,z_spread_bid,128.66507506528788,-0.38156506528787304,BBB+,8.0,7.24984
Southern California Edison Company,842400GE7,SPS281965523,4009083,160.45256,z_spread_bid,134.3237328693094,26.12882713069061,BBB+,8.0,12.11256
Southern California Edison Company,842400FF5,SPS30510143,4009083,124.82993,z_spread_bid,131.80778209942545,-6.977852099425448,BBB+,8.0,7.77661
Southern California Edison Company,842400EW9,SPS32224676,4009083,127.58207,z_spread_bid,127.14180635519669,0.44026364480330926,BBB+,8.0,6.81007
Southern California Edison Company,842400FE8,SPS32224677,4009083,128.28351,z_spread_bid,128.66507506528788,-0.38156506528787304,BBB+,8.0,7.24984
Southern California Edison Company,842400FG3,SPS32224678,4009083,124.82993,z_spread_bid,131.38890273021045,-6.558972730210442,BBB+,8.0,7.77661
Southern California Edison Company,842400FH1,SPS40123953,4009083,138.84191,z_spread_bid,126.9146906049824,11.927219395017616,BBB+,8.0,8.20025
Southern California Edison Company,842400GG2,SPS424152027,4009083,157.85324,z_spread_bid,129.76296781526167,28.090272184738325,BBB+,8.0,12.66096
Southern California Edison Company,842400FL2,SPS54125736,4009083,143.00305,z_spread_bid,125.93584990525126,17.067200094748742,BBB+,8.0,8.75266
Southern California Edison Company,842400GJ6,SPS554457255,4009083,49.58854,z_spread_bid,80.68832123614231,-31.099781236142313,BBB+,8.0,1.66291
Southern California Edison Company,842400GK3,SPS554457256,4009083,160.57993,z_spread_bid,131.47906260721697,29.100867392783016,BBB+,8.0,12.76813
Southern California Edison Company,842400GQ0,SPS606122901,4009083,55.72874,z_spread_bid,80.04242440272317,-24.31368440272317,BBB+,8.0,2.54392
Southern California Edison Company,842400GR8,SPS606122902,4009083,165.66086,z_spread_bid,128.94628721941248,36.71457278058753,BBB+,8.0,12.52806
Southern California Edison Company,842400GS6,SPS631713038,4009083,61.68278,z_spread_bid,81.53327701228326,-19.850497012283263,BBB+,8.0,2.95162
Southern California Edison Company,842400GT4,SPS650140239,4009083,153.15574,z_spread_bid,134.34280670804677,18.812933291953243,BBB+,8.0,13.64365
Southern California Edison Company,842400GU1,SPS657381181,4009083,73.87649,z_spread_bid,91.94296061466972,-18.06647061466971,BBB+,8.0,3.70511
Southern California Edison Company,842400GY3,SPS700276747,4009083,149.18434,z_spread_bid,131.99285909224022,17.191480907759768,BBB+,8.0,14.63212
Southern California Edison Company,842400HF3,SPS717991856,4009083,151.79294,z_spread_bid,131.05495742195222,20.737982578047763,BBB+,8.0,13.85796
Southern California Edison Company,842400FP3,SPS99254812,4009083,143.0473,z_spread_bid,127.04230331120915,16.004996688790854,BBB+,8.0,9.36679
Southwest Gas Corporation,84489PAC2,SPS14043803,4041957,223.84555,z_spread_bid,129.16090102450804,94.68464897549197,BBB+,8.0,0.9514
"Southwest Gas Holdings, Inc.",844895AL6,SPS14035364,4884928,51.72505,z_spread_bid,63.30817362552701,-11.583123625527008,BBB+,8.0,0.16818
"Southwest Gas Holdings, Inc.",844895AM4,SPS14076651,4884928,51.72505,z_spread_bid,63.512156391639785,-11.787106391639782,BBB+,8.0,0.16818
"System Energy Resources, Inc.",871911AV5,SPS1911496458,4056971,101.32008,z_spread_bid,105.13657482681529,-3.816494826815287,BBB+,8.0,6.63945
"Talcott Resolution Life, Inc.",416592AC7,SPS14043960,109080,271.51699,z_spread_bid,82.57202318331312,188.9449668166869,BB+,11.0,0.95698
Tampa Electric Company,875127BG6,SPS630376931,3010781,118.85268,z_spread_bid,138.46082990132132,-19.608149901321312,BBB+,8.0,13.95341
"Tenaska Georgia Partners, L.P.",88031JAB2,SPS14087539,4063355,215.94684,z_spread_bid,96.1740425003779,119.77279749962211,BBB+,8.0,1.77673
"Tennessee Gas Pipeline Company, L.L.C.",880451AS8,SPS14041043,4057165,15.73126,z_spread_bid,37.45616531082452,-21.724905310824518,BBB+,8.0,0.76156
"Tennessee Gas Pipeline Company, L.L.C.",880451AU3,SPS14041045,4057165,114.08903,z_spread_bid,131.81307637551834,-17.72404637551834,BBB+,8.0,7.55347
"Tennessee Gas Pipeline Company, L.L.C.",880451AV1,SPS14061277,4057165,36.90818,z_spread_bid,43.53102378413323,-6.622843784133231,BBB+,8.0,2.17008
"Texas Gas Transmission, LLC",882440AN0,SPS14044702,4057167,64.59541,z_spread_bid,116.68337453268114,-52.08796453268114,BBB,9.0,1.05165
The Allstate Corporation,020002AT8,SPS26465134,103247,91.29167,z_spread_bid,116.25141866174677,-24.959748661746772,BBB+,8.0,7.39216
The Bank of New York Mellon Corporation,U06405CU3,SPS31692326,100144,-75.80534,z_spread_bid,252.67934580156987,-328.48468580156987,CCC,18.0,21.56095
The Dayton Power and Light Company,240019BV0,SPS618234451,4017451,135.0632,z_spread_bid,133.0161051375004,2.0470948624995913,BBB+,8.0,13.28692
"The Goldman Sachs Group, Inc.",38151FPJ6,SPS1865366037,4039450,110.55563,z_spread_bid,143.16106751922413,-32.60543751922414,BBB+,8.0,7.1492
"The Goldman Sachs Group, Inc.",38148YAA6,SPS541441374,4039450,104.2415,z_spread_bid,136.42446222436604,-32.18296222436604,BBB+,8.0,9.40385
"The Goldman Sachs Group, Inc.",38141GYC2,SPS711443140,4039450,116.08109,z_spread_bid,136.3306603233654,-20.249570323365404,BBB+,8.0,11.5924
The Kroger Co.,501044DE8,SPS402896983,4004136,-0.95038,z_spread_bid,81.85741204475042,-82.80779204475041,BBB,9.0,0.37026
"The Williams Companies, Inc.",969457BB5,SPS14100527,4011165,55.25137,z_spread_bid,109.12388708015732,-53.872517080157316,BBB+,8.0,3.84562
"Time Warner Cable Enterprises, LLC",88731EAJ9,SPS14080100,4071273,189.72695,z_spread_bid,148.60220273030095,41.12474726969904,BBB-,10.0,5.30198
Time Warner Cable Inc.,88732JAY4,SPS115638708,4146010,246.52981,z_spread_bid,157.01448704922845,89.51532295077155,BBB-,10.0,9.31143
Time Warner Cable Inc.,88732JBB3,SPS140294740,4146010,245.25884,z_spread_bid,153.55269883924177,91.70614116075822,BBB-,10.0,9.61204
Time Warner Cable Inc.,88732JAJ7,SPS34405166,4146010,222.42379,z_spread_bid,151.80565995271257,70.61813004728742,BBB-,10.0,7.66383
Time Warner Cable Inc.,88732JAN8,SPS46045098,4146010,235.6016,z_spread_bid,151.01667634267514,84.58492365732485,BBB-,10.0,7.81711
Time Warner Cable Inc.,88732JAU2,SPS60515940,4146010,238.39921,z_spread_bid,152.54133812599403,85.85787187400598,BBB-,10.0,8.29997
"Transcontinental Gas Pipe Line Company, LLC",893570BM2,SPS14038463,4057168,33.97633,z_spread_bid,-25.40584533048012,59.382175330480116,BBB+,8.0,0.47771
Unum Group,91529YAD8,SPS14118645,103324,131.35124,z_spread_bid,146.15464710655118,-14.803407106551191,BBB,9.0,4.75703
USF&G Capital III,90330SAB6,SPS32227124,7381986,333.22728,z_spread_bid,142.09118280932515,191.13609719067486,BBB+,8.0,9.55471
Valero Energy Corporation,252747AF7,SPS14034325,4011157,304.30968,z_spread_bid,90.64776868237833,213.66191131762167,BBB,9.0,0.08571
Vericast Corp.,U9231NAK4,SPS1805148393,4158977,784.48926,z_spread_bid,263.126092826197,521.3631671738029,CCC,18.0,1.29494
Vericast Corp.,92342NAK9,SPS1805310512,4158977,784.48926,z_spread_bid,263.126092826197,521.3631671738029,CCC,18.0,1.29494
Verizon Communications Inc.,362320BA0,SPS14055470,4057229,36.78963,z_spread_bid,51.00114949518608,-14.211519495186074,BBB+,8.0,1.74207
Verizon Communications Inc.,92343VGL2,SPS1680021299,4057229,113.04604,z_spread_bid,148.23709204103505,-35.19105204103505,BBB+,8.0,11.41443
Verizon Communications Inc.,92343VGP3,SPS1771742262,4057229,124.11137,z_spread_bid,166.9230119365198,-42.811641936519806,BBB+,8.0,14.27988
Verizon Communications Inc.,92343VGQ1,SPS1772244386,4057229,144.21782,z_spread_bid,215.58923654956115,-71.37141654956116,BBB+,8.0,14.52903
Verizon Communications Inc.,92346MBY6,SPS430326041,4057229,-3.48272,z_spread_bid,172.58716856162673,-176.06988856162673,BBB+,8.0,13.53671
Verizon Communications Inc.,92346MGE5,SPS430326183,4057229,146.17017,z_spread_bid,158.25226981489325,-12.08209981489324,BBB+,8.0,13.7548
Verizon Communications Inc.,92346MGP0,SPS430326192,4057229,190.64406,z_spread_bid,155.12628058233912,35.517779417660876,BBB+,8.0,3.74881
Verizon Communications Inc.,92346MGQ8,SPS430326193,4057229,123.09928,z_spread_bid,245.17829544991113,-122.07901544991114,BBB+,8.0,14.77539
Verizon Communications Inc.,92346MAY7,SPS430326865,4057229,171.40973,z_spread_bid,168.21105626398864,3.198673736011358,BBB+,8.0,12.06966
Verizon Maryland Inc.,165069AP0,SPS14003419,4057233,54.94131,z_spread_bid,99.88894907189353,-44.94763907189353,BBB+,8.0,2.95057
Verizon Maryland Inc.,92344WAB7,SPS14139676,4057233,81.85523,z_spread_bid,107.2705841152918,-25.41535411529179,BBB+,8.0,5.72232
Verizon New England Inc.,644239AY1,SPS14014557,4057234,51.49313,z_spread_bid,92.7800799094717,-41.286949909471694,BBB+,8.0,3.0369
Verizon New Jersey Inc.,645767AW4,SPS14014582,4057235,66.55267,z_spread_bid,95.31609600835283,-28.763426008352823,BBB+,8.0,3.0345
Verizon New Jersey Inc.,645767BC7,SPS14140081,4057235,66.23455,z_spread_bid,103.1257527019526,-36.89120270195261,BBB+,8.0,3.03457
Verizon New York Inc.,650094CJ2,SPS14054885,4057236,54.60861,z_spread_bid,88.13801765205578,-33.52940765205578,BBB+,8.0,1.74558
Verizon New York Inc.,92344XAB5,SPS14114721,4057236,66.63256,z_spread_bid,109.02239900917291,-42.38983900917292,BBB+,8.0,4.74998
Verizon Pennsylvania LLC,078167BA0,SPS14002123,4381427,85.65588,z_spread_bid,108.71093937929867,-23.05505937929867,BBB+,8.0,4.17773
Verizon Pennsylvania LLC,07786DAA4,SPS14063430,4381427,28.44571,z_spread_bid,77.05100391674964,-48.60529391674964,BBB+,8.0,2.25032
Verizon Virginia LLC,165087AL1,SPS14003433,4057242,58.8579,z_spread_bid,40.6101940840627,18.247705915937303,BBB+,8.0,2.89928
Virginia Electric and Power Company,927804FG4,SPS50031609,4057032,98.6009,z_spread_bid,122.42280435621807,-23.82190435621807,BBB+,8.0,8.16989
"Warner Media, LLC",887317AH8,SPS109112605,4120680,591.72212,z_spread_bid,308.56226731768567,283.15985268231435,BB,12.0,7.89096
"Warner Media, LLC",887317AL9,SPS129184239,4120680,266.18451,z_spread_bid,252.77578356817335,13.408726431826636,BB,12.0,9.19055
"Warner Media, LLC",887317AM7,SPS141639167,4120680,534.45033,z_spread_bid,344.36731521071124,190.08301478928877,BB,12.0,8.78852
"Warner Media, LLC",887317AP0,SPS208511565,4120680,492.37852,z_spread_bid,341.2723977690489,151.1061222309511,BB,12.0,9.05129
"Warner Media, LLC",887317AS4,SPS252866919,4120680,510.58523,z_spread_bid,328.97338831294,181.61184168706,BB,12.0,9.09024
"Warner Media, LLC",887317AU9,SPS264162316,4120680,485.38875,z_spread_bid,334.14377517291825,151.24497482708176,BB,12.0,9.57217
"Warner Media, LLC",887317AD7,SPS30133498,4120680,353.25655,z_spread_bid,225.36019144321088,127.89635855678912,BB,12.0,7.26351
"Warner Media, LLC",887317AX3,SPS302465050,4120680,606.20705,z_spread_bid,365.90690421525,240.30014578475,BB,12.0,9.13513
"Warner Media, LLC",887317AE5,SPS99075343,4120680,536.02379,z_spread_bid,339.2792449848454,196.74454501515459,BB,12.0,8.05474
Wells Fargo & Company,95000U2U6,SPS426358685,100382,81.71468,z_spread_bid,102.086312657481,-20.371632657481,BBB+,8.0,5.86403
Wells Fargo & Company,95000U3B7,SPS426358692,100382,89.8532,z_spread_bid,108.49590625526521,-18.64270625526521,BBB+,8.0,5.86311
Weyerhaeuser Company,969133AK3,SPS14034378,4006248,58.39877,z_spread_bid,59.38483880933081,-0.9860688093308099,BBB,9.0,0.08682
Weyerhaeuser Company,969133AJ6,SPS14034379,4006248,27.27955,z_spread_bid,93.64214824140501,-66.36259824140501,BBB,9.0,0.08696
Weyerhaeuser Company,962166AW4,SPS14047416,4006248,42.68506,z_spread_bid,59.39505554401383,-16.70999554401383,BBB,9.0,1.26097
Yellowstone Energy LP,98580LAA3,SPS291371305,4064145,431.97865,z_spread_bid,120.54876627224576,311.42988372775426,BBB,9.0,0.54831
Yorkshire Power Finance Limited,G9856LAA0,SPS31503304,4279540,69.08815,z_spread_bid,103.29739036602598,-34.20924036602598,BBB+,8.0,1.88533
